-- phpMyAdmin SQL Dump
-- version 4.6.6deb4+deb9u2
-- https://www.phpmyadmin.net/
--
-- Host: localhost:3306
-- Generation Time: Dec 22, 2020 at 02:39 PM
-- Server version: 5.7.24
-- PHP Version: 7.0.33-0+deb9u10

SET SQL_MODE = "NO_AUTO_VALUE_ON_ZERO";
SET time_zone = "+00:00";


/*!40101 SET @OLD_CHARACTER_SET_CLIENT=@@CHARACTER_SET_CLIENT */;
/*!40101 SET @OLD_CHARACTER_SET_RESULTS=@@CHARACTER_SET_RESULTS */;
/*!40101 SET @OLD_COLLATION_CONNECTION=@@COLLATION_CONNECTION */;
/*!40101 SET NAMES utf8mb4 */;

--
-- Database: `AdviceByte`
--

-- --------------------------------------------------------

--
-- Table structure for table `Activity`
--

CREATE TABLE `Activity` (
  `Activity_ID` int(11) NOT NULL,
  `Activity_Name` varchar(100) NOT NULL,
  `Activity_Description` varchar(500) NOT NULL,
  `Categories_ID` int(11) NOT NULL,
  `Is_Forum` tinyint(1) NOT NULL,
  `Create_At` timestamp NOT NULL DEFAULT CURRENT_TIMESTAMP,
  `Update_At` timestamp NOT NULL DEFAULT CURRENT_TIMESTAMP,
  `Admin_ID` int(11) NOT NULL
) ENGINE=InnoDB DEFAULT CHARSET=utf8;

--
-- Dumping data for table `Activity`
--

INSERT INTO `Activity` (`Activity_ID`, `Activity_Name`, `Activity_Description`, `Categories_ID`, `Is_Forum`, `Create_At`, `Update_At`, `Admin_ID`) VALUES
(1, 'ความแตกต่างระหว่าง Loop', 'ลองอธิบายความแตกต่างของ Loop (For Loop, While Loop, For Each) แต่ละอัน', 1, 1, '2020-11-30 13:38:25', '2020-12-15 18:00:30', 3),
(2, 'เขียนภาษาใหม่ๆที่ไม่เคยลอง', 'Lorem ipsum dolor sit amet, consectetur adipiscing elit, sed do eiusmod tempor incididunt ut labore et dolore magna aliqua. Ut enim ad minim veniam', 1, 0, '2020-11-30 13:38:25', '2020-11-30 13:38:25', 3),
(3, 'อ่านบทความจากข่าวเว็บไซต์นอก', 'Lorem ipsum dolor sit amet, consectetur adipiscing elit, sed do eiusmod tempor incididunt ut labore et dolore magna aliqua. Ut enim ad minim veniam', 11, 0, '2020-11-30 13:38:26', '2020-11-30 13:38:26', 3),
(4, 'เขียนบทความเกี่ยวกับเรื่องต่างๆ', 'Lorem ipsum dolor sit amet, consectetur adipiscing elit, sed do eiusmod tempor incididunt ut labore et dolore magna aliqua. Ut enim ad minim veniam', 11, 0, '2020-11-30 13:38:26', '2020-11-30 13:38:26', 3),
(5, 'ติดต่อพูดคุยกับเพื่อนในคณะ', 'Lorem ipsum dolor sit amet, consectetur adipiscing elit, sed do eiusmod tempor incididunt ut labore et dolore magna aliqua. Ut enim ad minim veniam', 12, 0, '2020-11-30 13:38:26', '2020-11-30 13:38:26', 3),
(6, 'meeting กับเพื่อนๆ', 'Lorem ipsum dolor sit amet, consectetur adipiscing elit, sed do eiusmod tempor incididunt ut labore et dolore magna aliqua. Ut enim ad minim veniam', 12, 0, '2020-11-30 13:38:26', '2020-11-30 13:38:26', 3),
(7, 'ทำ leetcode', 'Lorem ipsum dolor sit amet, consectetur adipiscing elit, sed do eiusmod tempor incididunt ut labore et dolore magna aliqua. Ut enim ad minim veniam', 13, 0, '2020-11-30 13:38:26', '2020-11-30 13:38:26', 3),
(8, 'เป็นผู้นำในการแสดงความคิดเห็นในกลุ่มเพื่อน', 'Lorem ipsum dolor sit amet, consectetur adipiscing elit, sed do eiusmod tempor incididunt ut labore et dolore magna aliqua. Ut enim ad minim veniam', 14, 0, '2020-11-30 13:38:26', '2020-11-30 13:38:26', 3),
(9, 'ดูหนังที่เป็นภาษาอังกฤษ', 'Lorem ipsum dolor sit amet, consectetur adipiscing elit, sed do eiusmod tempor incididunt ut labore et dolore magna aliqua. Ut enim ad minim veniam', 15, 0, '2020-11-30 13:38:26', '2020-11-30 13:38:26', 3),
(10, 'เล่นเกมเนื้อเรื่องที่เป็นภาษาอังกฤษ', 'Lorem ipsum dolor sit amet, consectetur adipiscing elit, sed do eiusmod tempor incididunt ut labore et dolore magna aliqua. Ut enim ad minim veniam', 16, 0, '2020-11-30 13:38:26', '2020-11-30 13:38:26', 3),
(11, 'ทดลองเขียน SPA ด้วย <router-view> ', 'Lorem ipsum dolor sit amet, consectetur adipiscing elit, sed do eiusmod tempor incididunt ut labore et dolore magna aliqua. Ut enim ad minim veniam', 1, 0, '2020-11-30 13:38:26', '2020-11-30 13:38:26', 3),
(12, 'สร้าง stylesheet เป็น .css เพื่อใช้ตกแต่งเว็บไซต์ของตัวเอง index.html ', 'Lorem ipsum dolor sit amet, consectetur adipiscing elit, sed do eiusmod tempor incididunt ut labore et dolore magna aliqua. Ut enim ad minim veniam', 1, 0, '2020-11-30 13:38:27', '2020-11-30 13:38:27', 3),
(13, 'เข้าร่วมการแข่งขัน Hackathon Octobofest ในวันที่ xx/xx/xx', 'Lorem ipsum dolor sit amet, consectetur adipiscing elit, sed do eiusmod tempor incididunt ut labore et dolore magna aliqua. Ut enim ad minim veniam', 2, 0, '2020-11-30 13:38:27', '2020-11-30 13:38:27', 3),
(14, 'เข้าร่วม Workshop เกี่ยวกับ UI/UX  (อาจเจาะจงชื่อ Event ไปเลย)', 'Lorem ipsum dolor sit amet, consectetur adipiscing elit, sed do eiusmod tempor incididunt ut labore et dolore magna aliqua. Ut enim ad minim veniam', 8, 0, '2020-11-30 13:38:27', '2020-11-30 13:38:27', 3),
(15, 'สำเร็จบทเรียนคอร์สใดก็ได้จำนวน 2 พาร์ทย่อย', 'Lorem ipsum dolor sit amet, consectetur adipiscing elit, sed do eiusmod tempor incididunt ut labore et dolore magna aliqua. Ut enim ad minim veniam', 9, 0, '2020-11-30 13:38:27', '2020-11-30 13:38:27', 3),
(16, 'อ่านหนังสือเรื่อง Hooked! ', 'Lorem ipsum dolor sit amet, consectetur adipiscing elit, sed do eiusmod tempor incididunt ut labore et dolore magna aliqua. Ut enim ad minim veniam', 11, 0, '2020-11-30 13:38:27', '2020-11-30 13:38:27', 3),
(17, 'เขียนบทความแชร์ประสบการณ์เกี่ยวกับหนึ่งใน Mission ของ Coding', 'Lorem ipsum dolor sit amet, consectetur adipiscing elit, sed do eiusmod tempor incididunt ut labore et dolore magna aliqua. Ut enim ad minim veniam', 11, 0, '2020-11-30 13:38:27', '2020-11-30 13:38:27', 3),
(18, 'ดูหนังเรื่อง Crazy Stupid Love โดยเปิดเฉพาะ English Subtitle', 'Lorem ipsum dolor sit amet, consectetur adipiscing elit, sed do eiusmod tempor incididunt ut labore et dolore magna aliqua. Ut enim ad minim veniam', 15, 0, '2020-11-30 13:38:27', '2020-11-30 13:38:27', 3),
(19, 'รู้จักส่วนขยาย Language Learning with Netflix', 'Lorem ipsum dolor sit amet, consectetur adipiscing elit, sed do eiusmod tempor incididunt ut labore et dolore magna aliqua. Ut enim ad minim veniam', 15, 0, '2020-11-30 13:38:27', '2020-11-30 13:38:27', 3),
(20, 'ลองโหลด LifeLine มาเล่นหนึ่งวัน', 'Lorem ipsum dolor sit amet, consectetur adipiscing elit, sed do eiusmod tempor incididunt ut labore et dolore magna aliqua. Ut enim ad minim veniam', 16, 0, '2020-11-30 13:38:27', '2020-11-30 13:38:27', 3),
(21, 'เขียนเว็บไซต์เบื้องต้น', 'Lorem ipsum dolor sit amet, consectetur adipiscing elit, sed do eiusmod tempor incididunt ut labore et dolore magna aliqua. Ut enim ad minim veniam', 1, 0, '2020-12-05 06:19:32', '2020-12-05 06:19:32', 3),
(22, 'สอนเพื่อนในเรื่องที่เพื่อนถาม', 'Lorem ipsum dolor sit amet, consectetur adipiscing elit, sed do eiusmod tempor incididunt ut labore et dolore magna aliqua. Ut enim ad minim veniam', 17, 0, '2020-12-05 06:45:06', '2020-12-05 06:45:06', 3),
(23, 'อัดคลิปสอนเกี่ยวกับ Algorithm เบื้องต้น', 'Lorem ipsum dolor sit amet, consectetur adipiscing elit, sed do eiusmod tempor incididunt ut labore et dolore magna aliqua. Ut enim ad minim veniam', 17, 0, '2020-12-05 06:45:06', '2020-12-05 06:45:06', 3),
(24, 'สอนเพื่อนเกี่ยวกับการใช้ C เบื้องต้น', 'Lorem ipsum dolor sit amet, consectetur adipiscing elit, sed do eiusmod tempor incididunt ut labore et dolore magna aliqua. Ut enim ad minim veniam', 17, 0, '2020-12-05 06:45:06', '2020-12-05 06:45:06', 3),
(25, 'อัดคลิปสอนเกี่ยวกับการใช้ Java เบื้องต้น', 'Lorem ipsum dolor sit amet, consectetur adipiscing elit, sed do eiusmod tempor incididunt ut labore et dolore magna aliqua. Ut enim ad minim veniam', 17, 0, '2020-12-05 06:45:05', '2020-12-05 06:45:05', 3),
(26, 'เข้าร่วม Data Science Hackaton', 'Lorem ipsum dolor sit amet, consectetur adipiscing elit, sed do eiusmod tempor incididunt ut labore et dolore magna aliqua. Ut enim ad minim veniam', 2, 0, '2020-12-05 06:35:56', '2020-12-05 06:35:56', 3),
(27, 'เข้าร่วม SCG Hackaton', 'Lorem ipsum dolor sit amet, consectetur adipiscing elit, sed do eiusmod tempor incididunt ut labore et dolore magna aliqua. Ut enim ad minim veniam', 2, 0, '2020-12-05 06:35:56', '2020-12-05 06:35:56', 3),
(28, 'เข้าร่วม Line Hackaton', 'Lorem ipsum dolor sit amet, consectetur adipiscing elit, sed do eiusmod tempor incididunt ut labore et dolore magna aliqua. Ut enim ad minim veniam', 2, 0, '2020-12-05 06:35:57', '2020-12-05 06:35:57', 3),
(29, 'เข้าร่วม Hackaton ของ KMUTT ในสาขา CS', 'Lorem ipsum dolor sit amet, consectetur adipiscing elit, sed do eiusmod tempor incididunt ut labore et dolore magna aliqua. Ut enim ad minim veniam', 2, 0, '2020-12-05 06:35:57', '2020-12-05 06:35:57', 3),
(30, 'คิดหัวข้อ Project 1 project ที่เกี่ยวกับ Computer Science แล้วลงมือทำ', 'Lorem ipsum dolor sit amet, consectetur adipiscing elit, sed do eiusmod tempor incididunt ut labore et dolore magna aliqua. Ut enim ad minim veniam', 3, 0, '2020-12-05 06:35:57', '2020-12-05 06:35:57', 3),
(31, 'ทำ Project เขียนเว็บไซต์ในหัวข้ออะไรก็ได้', 'Lorem ipsum dolor sit amet, consectetur adipiscing elit, sed do eiusmod tempor incididunt ut labore et dolore magna aliqua. Ut enim ad minim veniam', 3, 0, '2020-12-05 06:35:57', '2020-12-05 06:35:57', 3),
(32, 'ทำ Project เขียนเว็บไซต์ในหัวข้อ \"เว็บไซต์เพื่ออำนวยความสะดวกสบายในชีวิตประจำวัน\"', 'Lorem ipsum dolor sit amet, consectetur adipiscing elit, sed do eiusmod tempor incididunt ut labore et dolore magna aliqua. Ut enim ad minim veniam', 3, 0, '2020-12-05 06:35:58', '2020-12-05 06:35:58', 3),
(33, 'คิดหัวข้อ Project 1 project แล้วทำเป็นรายงานที่มีเนื้อหาคลอบคลุมกับหัวข้อที่ตั้งไว้', 'Lorem ipsum dolor sit amet, consectetur adipiscing elit, sed do eiusmod tempor incididunt ut labore et dolore magna aliqua. Ut enim ad minim veniam', 3, 0, '2020-12-05 06:35:58', '2020-12-05 06:35:58', 3),
(34, 'ทำรายงานเกี่ยวกับเรื่องวิธีที่จะทำให้เป็น Computer Science ที่ดี', 'Lorem ipsum dolor sit amet, consectetur adipiscing elit, sed do eiusmod tempor incididunt ut labore et dolore magna aliqua. Ut enim ad minim veniam', 3, 0, '2020-12-05 06:35:58', '2020-12-05 06:35:58', 3),
(35, 'จัดสรรเวลาในการทำงานแต่ละงานอย่างเป็นระบบ ตัวอย่างเช่น การทำ Gantt Chart', 'Lorem ipsum dolor sit amet, consectetur adipiscing elit, sed do eiusmod tempor incididunt ut labore et dolore magna aliqua. Ut enim ad minim veniam', 4, 0, '2020-12-05 06:35:58', '2020-12-05 06:35:58', 3),
(36, 'ทำProject ให้เสร็จ ภายใน scope ที่ตัวเองตั้งไว้', 'Lorem ipsum dolor sit amet, consectetur adipiscing elit, sed do eiusmod tempor incididunt ut labore et dolore magna aliqua. Ut enim ad minim veniam', 4, 0, '2020-12-05 06:35:58', '2020-12-05 06:35:58', 3),
(37, 'ทำโจทย์ Mathematic', 'Lorem ipsum dolor sit amet, consectetur adipiscing elit, sed do eiusmod tempor incididunt ut labore et dolore magna aliqua. Ut enim ad minim veniam', 4, 0, '2020-12-05 06:35:59', '2020-12-05 06:35:59', 3),
(38, 'ทำเว็บไซต์ตามหัวข้อที่กำหนดไว้', 'Lorem ipsum dolor sit amet, consectetur adipiscing elit, sed do eiusmod tempor incididunt ut labore et dolore magna aliqua. Ut enim ad minim veniam', 4, 0, '2020-12-05 06:35:59', '2020-12-05 06:35:59', 3),
(39, 'ทำโจทย์ algorithm', 'Lorem ipsum dolor sit amet, consectetur adipiscing elit, sed do eiusmod tempor incididunt ut labore et dolore magna aliqua. Ut enim ad minim veniam', 4, 0, '2020-12-05 06:35:59', '2020-12-05 06:35:59', 3),
(40, 'คิดหัวข้อ Project ที่มีความยากกว่าหัวข้อเก่า', 'Lorem ipsum dolor sit amet, consectetur adipiscing elit, sed do eiusmod tempor incididunt ut labore et dolore magna aliqua. Ut enim ad minim veniam', 5, 0, '2020-12-05 06:35:59', '2020-12-05 06:35:59', 3),
(41, 'เขียน code ใน codingbat ในหัวข้อใดหัวข้อหนึ่งกับเพื่อน ให้ทำเสร็จก่อนเพื่อน', 'Lorem ipsum dolor sit amet, consectetur adipiscing elit, sed do eiusmod tempor incididunt ut labore et dolore magna aliqua. Ut enim ad minim veniam', 5, 0, '2020-12-05 06:35:59', '2020-12-05 06:35:59', 3),
(42, 'ลงชื่อสมัครแข่งขันเขียนเว็บไซต์', 'Lorem ipsum dolor sit amet, consectetur adipiscing elit, sed do eiusmod tempor incididunt ut labore et dolore magna aliqua. Ut enim ad minim veniam', 5, 0, '2020-12-05 06:36:00', '2020-12-05 06:36:00', 3),
(43, 'ทำโจทย์ Mathematic ที่ยากขึ้น', 'Lorem ipsum dolor sit amet, consectetur adipiscing elit, sed do eiusmod tempor incididunt ut labore et dolore magna aliqua. Ut enim ad minim veniam', 5, 0, '2020-12-05 06:36:00', '2020-12-05 06:36:00', 3),
(44, 'ลองเป็นผู้นำในการพูดในที่สาธารณะ', 'Lorem ipsum dolor sit amet, consectetur adipiscing elit, sed do eiusmod tempor incididunt ut labore et dolore magna aliqua. Ut enim ad minim veniam', 5, 0, '2020-12-05 06:36:00', '2020-12-05 06:36:00', 3),
(45, 'ฝึกพูดภาษาอังกฤษ', 'Lorem ipsum dolor sit amet, consectetur adipiscing elit, sed do eiusmod tempor incididunt ut labore et dolore magna aliqua. Ut enim ad minim veniam', 6, 0, '2020-12-05 06:36:00', '2020-12-05 06:36:00', 3),
(46, 'สอนเพื่อนเขียนเว็บไซต์เบื้องต้น', 'Lorem ipsum dolor sit amet, consectetur adipiscing elit, sed do eiusmod tempor incididunt ut labore et dolore magna aliqua. Ut enim ad minim veniam', 17, 0, '2020-12-05 06:45:05', '2020-12-05 06:45:05', 3),
(47, 'อ่านหนังสือหรือบทความที่ช่วยกระตุ้นให้มีความสามารถในการแก้ไขปัญหาเฉพาะหน้า', 'Lorem ipsum dolor sit amet, consectetur adipiscing elit, sed do eiusmod tempor incididunt ut labore et dolore magna aliqua. Ut enim ad minim veniam', 6, 0, '2020-12-05 06:40:17', '2020-12-05 06:40:17', 3),
(48, 'ฝึกเขียนโค๊ดด้วยตัวเอง', 'Lorem ipsum dolor sit amet, consectetur adipiscing elit, sed do eiusmod tempor incididunt ut labore et dolore magna aliqua. Ut enim ad minim veniam', 6, 0, '2020-12-05 06:40:17', '2020-12-05 06:40:17', 3),
(49, 'ฝึกพูดให้มีความคล่องแคล่ว', 'Lorem ipsum dolor sit amet, consectetur adipiscing elit, sed do eiusmod tempor incididunt ut labore et dolore magna aliqua. Ut enim ad minim veniam', 6, 0, '2020-12-05 06:40:18', '2020-12-05 06:40:18', 3),
(50, 'เข้าฟังการอบรม Data Analytic', 'Lorem ipsum dolor sit amet, consectetur adipiscing elit, sed do eiusmod tempor incididunt ut labore et dolore magna aliqua. Ut enim ad minim veniam', 7, 0, '2020-12-05 06:40:18', '2020-12-05 06:40:18', 3),
(51, 'เข้าฟังการอบรมของการเขียนเว็บไซต์เบื้องต้น', 'Lorem ipsum dolor sit amet, consectetur adipiscing elit, sed do eiusmod tempor incididunt ut labore et dolore magna aliqua. Ut enim ad minim veniam', 7, 0, '2020-12-05 06:40:18', '2020-12-05 06:40:18', 3),
(52, 'เข้าร่วมการอบรมการเป็น Computer Science ที่ดี', 'Lorem ipsum dolor sit amet, consectetur adipiscing elit, sed do eiusmod tempor incididunt ut labore et dolore magna aliqua. Ut enim ad minim veniam', 7, 0, '2020-12-05 06:40:19', '2020-12-05 06:40:19', 3),
(53, 'เข้าฟังการเล่าประสบการณ์จากพี่ๆ ที่เคยฝึกงานด้าน CS มาก่อน', 'Lorem ipsum dolor sit amet, consectetur adipiscing elit, sed do eiusmod tempor incididunt ut labore et dolore magna aliqua. Ut enim ad minim veniam', 7, 0, '2020-12-05 06:40:19', '2020-12-05 06:40:19', 3),
(54, 'เข้าฟังการเล่าประสบการณ์จากพี่วิทยากรที่ให้คำปรึกษาเกี่ยวกับ CS', 'Lorem ipsum dolor sit amet, consectetur adipiscing elit, sed do eiusmod tempor incididunt ut labore et dolore magna aliqua. Ut enim ad minim veniam', 7, 0, '2020-12-05 06:40:19', '2020-12-05 06:40:19', 3),
(55, 'เข้าร่วมกิจกรรม D-Day Exhabition', 'Lorem ipsum dolor sit amet, consectetur adipiscing elit, sed do eiusmod tempor incididunt ut labore et dolore magna aliqua. Ut enim ad minim veniam', 8, 0, '2020-12-05 06:40:19', '2020-12-05 06:40:19', 3),
(56, 'เข้าร่วมกิจกรรม Ai Workshop', 'Lorem ipsum dolor sit amet, consectetur adipiscing elit, sed do eiusmod tempor incididunt ut labore et dolore magna aliqua. Ut enim ad minim veniam', 8, 0, '2020-12-05 06:40:19', '2020-12-05 06:40:19', 3),
(57, 'เข้าร่วมกิจกรรม Hackaton', 'Lorem ipsum dolor sit amet, consectetur adipiscing elit, sed do eiusmod tempor incididunt ut labore et dolore magna aliqua. Ut enim ad minim veniam', 8, 0, '2020-12-05 06:40:19', '2020-12-05 06:40:19', 3),
(58, 'เข้าร่วมกิจกรรมที่จัดเกี่ยวกับการเขียนเว็บไซต์', 'Lorem ipsum dolor sit amet, consectetur adipiscing elit, sed do eiusmod tempor incididunt ut labore et dolore magna aliqua. Ut enim ad minim veniam', 8, 0, '2020-12-05 06:40:20', '2020-12-05 06:40:20', 3),
(59, 'ค้นหาความรู้ในเว็บไซต์ที่เกี่ยวกับการใช้ ai ให้เกิดประโยชน์สูงสุด', 'Lorem ipsum dolor sit amet, consectetur adipiscing elit, sed do eiusmod tempor incididunt ut labore et dolore magna aliqua. Ut enim ad minim veniam', 9, 0, '2020-12-05 06:40:20', '2020-12-05 06:40:20', 3),
(60, 'เรียนวิธีการเขียน Front-End/Back-End บน youtube (อย่างใดอย่างหนึ่ง)', 'Lorem ipsum dolor sit amet, consectetur adipiscing elit, sed do eiusmod tempor incididunt ut labore et dolore magna aliqua. Ut enim ad minim veniam', 9, 0, '2020-12-05 06:40:20', '2020-12-05 06:40:20', 3),
(61, 'เรียนคลาสออนไลน์ในรายวิชาใดก็ได้ ที่เกี่ยวข้องกับหลักสูตร Computer Science', 'Lorem ipsum dolor sit amet, consectetur adipiscing elit, sed do eiusmod tempor incididunt ut labore et dolore magna aliqua. Ut enim ad minim veniam', 9, 0, '2020-12-05 06:40:20', '2020-12-05 06:40:20', 3),
(62, 'ค้นหาความรู้ และฝึกฝนการใช้ algorithm ต่างๆ', 'Lorem ipsum dolor sit amet, consectetur adipiscing elit, sed do eiusmod tempor incididunt ut labore et dolore magna aliqua. Ut enim ad minim veniam', 9, 0, '2020-12-05 06:40:20', '2020-12-05 06:40:20', 3),
(63, 'นั่งทำโจทย์วิชาคณิตศาสตร์', 'Lorem ipsum dolor sit amet, consectetur adipiscing elit, sed do eiusmod tempor incididunt ut labore et dolore magna aliqua. Ut enim ad minim veniam', 10, 0, '2020-12-05 07:20:37', '2020-12-05 07:20:37', 3),
(64, 'ฝึกการพูดของตัวเองให้มีความคล่องแคล่ว', 'Lorem ipsum dolor sit amet, consectetur adipiscing elit, sed do eiusmod tempor incididunt ut labore et dolore magna aliqua. Ut enim ad minim veniam', 10, 0, '2020-12-05 06:43:22', '2020-12-05 06:43:22', 3),
(65, 'ฝึกทำเว็บไซต์ด้วยตัวเอง', 'Lorem ipsum dolor sit amet, consectetur adipiscing elit, sed do eiusmod tempor incididunt ut labore et dolore magna aliqua. Ut enim ad minim veniam', 10, 0, '2020-12-05 06:43:22', '2020-12-05 06:43:22', 3),
(66, 'ฝึกทำโจทย์ algorithm ต่างๆ', 'Lorem ipsum dolor sit amet, consectetur adipiscing elit, sed do eiusmod tempor incididunt ut labore et dolore magna aliqua. Ut enim ad minim veniam', 10, 0, '2020-12-05 06:43:22', '2020-12-05 06:43:22', 3),
(67, 'ฝึกทำโจทย์ Mathematic', 'Lorem ipsum dolor sit amet, consectetur adipiscing elit, sed do eiusmod tempor incididunt ut labore et dolore magna aliqua. Ut enim ad minim veniam', 10, 0, '2020-12-05 06:43:22', '2020-12-05 06:43:22', 3),
(68, 'ลงเรียนวิชา Algorithm', 'Lorem ipsum dolor sit amet, consectetur adipiscing elit, sed do eiusmod tempor incididunt ut labore et dolore magna aliqua. Ut enim ad minim veniam', 6, 0, '2020-12-05 07:25:29', '2020-12-05 07:25:29', 3),
(69, 'เขียน และ อ่านบทความภาษาอังกฤษ (บทความหรือเรียงความ)', 'Lorem ipsum dolor sit amet, consectetur adipiscing elit, sed do eiusmod tempor incididunt ut labore et dolore magna aliqua. Ut enim ad minim veniam', 11, 0, '2020-12-05 06:45:03', '2020-12-05 06:45:03', 3),
(70, 'ทำโจทย์ Codingbat กับเพื่อนๆ', 'Lorem ipsum dolor sit amet, consectetur adipiscing elit, sed do eiusmod tempor incididunt ut labore et dolore magna aliqua. Ut enim ad minim veniam', 12, 0, '2020-12-05 06:45:03', '2020-12-05 06:45:03', 3),
(71, 'จับกลุ่มกับเพื่อนๆ เขียนเว็บไซต์', 'Lorem ipsum dolor sit amet, consectetur adipiscing elit, sed do eiusmod tempor incididunt ut labore et dolore magna aliqua. Ut enim ad minim veniam', 12, 0, '2020-12-05 06:45:03', '2020-12-05 06:45:03', 3),
(72, 'จับกลุ่ม Brainstorm เรื่อง technology ในปัจจุบัน', 'Lorem ipsum dolor sit amet, consectetur adipiscing elit, sed do eiusmod tempor incididunt ut labore et dolore magna aliqua. Ut enim ad minim veniam', 12, 0, '2020-12-05 06:45:03', '2020-12-05 06:45:03', 3),
(73, 'ฝึกเขียนโค๊ดด้วยภาษาที่ไม่เคยเขียน', 'Lorem ipsum dolor sit amet, consectetur adipiscing elit, sed do eiusmod tempor incididunt ut labore et dolore magna aliqua. Ut enim ad minim veniam', 13, 0, '2020-12-05 06:45:03', '2020-12-05 06:45:03', 3),
(74, 'พัฒนาความรู้ logic/algorithm ของตัวเอง', 'Lorem ipsum dolor sit amet, consectetur adipiscing elit, sed do eiusmod tempor incididunt ut labore et dolore magna aliqua. Ut enim ad minim veniam', 13, 0, '2020-12-05 06:45:03', '2020-12-05 06:45:03', 3),
(75, 'ฝึกพูดในที่สาธารณะ หรือกลุ่มเพื่อนๆ', 'Lorem ipsum dolor sit amet, consectetur adipiscing elit, sed do eiusmod tempor incididunt ut labore et dolore magna aliqua. Ut enim ad minim veniam', 13, 0, '2020-12-05 06:45:04', '2020-12-05 06:45:04', 3),
(76, 'ฝึกฟัง พูด อ่าน เขียน ภาษาอังกฤษ หรือภาษาอื่นๆ', 'Lorem ipsum dolor sit amet, consectetur adipiscing elit, sed do eiusmod tempor incididunt ut labore et dolore magna aliqua. Ut enim ad minim veniam', 13, 0, '2020-12-05 06:45:04', '2020-12-05 06:45:04', 3),
(77, 'ฝึกพูดบทความ 1 บทความจากหัวข้อข่าว', 'Lorem ipsum dolor sit amet, consectetur adipiscing elit, sed do eiusmod tempor incididunt ut labore et dolore magna aliqua. Ut enim ad minim veniam', 14, 0, '2020-12-05 06:45:04', '2020-12-05 06:45:04', 3),
(78, 'พูดให้มีความคล่องแคล่วมากขึ้น', 'Lorem ipsum dolor sit amet, consectetur adipiscing elit, sed do eiusmod tempor incididunt ut labore et dolore magna aliqua. Ut enim ad minim veniam', 14, 0, '2020-12-05 06:45:04', '2020-12-05 06:45:04', 3),
(79, 'กล้าที่จะเป็นผู้นำในการพูดในกลุ่มเพื่อนหรือกลุ่มพูดคุย', 'Lorem ipsum dolor sit amet, consectetur adipiscing elit, sed do eiusmod tempor incididunt ut labore et dolore magna aliqua. Ut enim ad minim veniam', 14, 0, '2020-12-05 06:45:04', '2020-12-05 06:45:04', 3),
(80, 'สามารถพูดได้โดยไม่เกร็ง', 'Lorem ipsum dolor sit amet, consectetur adipiscing elit, sed do eiusmod tempor incididunt ut labore et dolore magna aliqua. Ut enim ad minim veniam', 14, 0, '2020-12-05 06:45:04', '2020-12-05 06:45:04', 3),
(81, 'ดูภาพยนตร์ภาษาอังกฤษโดยที่ไม่มี Thai Subtitle', 'Lorem ipsum dolor sit amet, consectetur adipiscing elit, sed do eiusmod tempor incididunt ut labore et dolore magna aliqua. Ut enim ad minim veniam', 15, 0, '2020-12-05 06:45:05', '2020-12-05 06:45:05', 3),
(82, 'ดูภาพยนตร์ภาษาอังกฤษโดยที่ไม่มี English Subtitle', 'Lorem ipsum dolor sit amet, consectetur adipiscing elit, sed do eiusmod tempor incididunt ut labore et dolore magna aliqua. Ut enim ad minim veniam', 15, 0, '2020-12-05 06:45:05', '2020-12-05 06:45:05', 3),
(83, 'เล่นเกมที่มีเนื้อหาเป็นภาษาอังกฤษ', 'Lorem ipsum dolor sit amet, consectetur adipiscing elit, sed do eiusmod tempor incididunt ut labore et dolore magna aliqua. Ut enim ad minim veniam', 16, 0, '2020-12-05 06:45:05', '2020-12-05 06:45:05', 3),
(84, 'เล่นเกม Hang-man โดยคำศัพท์ต้องมากกว่า 6 ตัวอักษร', 'Lorem ipsum dolor sit amet, consectetur adipiscing elit, sed do eiusmod tempor incididunt ut labore et dolore magna aliqua. Ut enim ad minim veniam', 16, 0, '2020-12-05 06:45:05', '2020-12-05 06:45:05', 3),
(85, 'เข้าใจเนื้อหาของตัวเกมที่เป็นภาษาอังกฤษ', 'Lorem ipsum dolor sit amet, consectetur adipiscing elit, sed do eiusmod tempor incididunt ut labore et dolore magna aliqua. Ut enim ad minim veniam', 16, 0, '2020-12-05 06:45:05', '2020-12-05 06:45:05', 3),
(93, 'ดูวิดีโอ Quantum Computers Explained – Limits of Human Technology', 'ลิ้งสำหรับดูวิดีโอ https://www.youtube.com/watch?v=JhHMJCUmq28', 15, 1, '2020-12-15 14:33:11', '2020-12-15 14:33:11', 3);

-- --------------------------------------------------------

--
-- Table structure for table `Admin_Information`
--

CREATE TABLE `Admin_Information` (
  `Admin_ID` int(11) NOT NULL,
  `Admin_User_Name` varchar(100) NOT NULL,
  `Password` varchar(1000) NOT NULL,
  `E_mail` varchar(100) NOT NULL,
  `First_Name` varchar(100) NOT NULL,
  `Last_Name` varchar(100) NOT NULL,
  `Role_ID` int(11) NOT NULL
) ENGINE=InnoDB DEFAULT CHARSET=utf8;

--
-- Dumping data for table `Admin_Information`
--

INSERT INTO `Admin_Information` (`Admin_ID`, `Admin_User_Name`, `Password`, `E_mail`, `First_Name`, `Last_Name`, `Role_ID`) VALUES
(1, 'SQL_Admin', '-', 'SQL@advicebyte.com', 'SQL_Admin', 'SQL_Admin', 1),
(3, 'Recommended System', '-', 'Recommended@advicebyte.com', 'Recommended System', 'Recommended System', 1);

-- --------------------------------------------------------

--
-- Table structure for table `Categories`
--

CREATE TABLE `Categories` (
  `Categories_ID` int(11) NOT NULL,
  `Categories_Name` varchar(100) NOT NULL,
  `Categories_Description` varchar(500) NOT NULL,
  `Create_At` timestamp NOT NULL DEFAULT CURRENT_TIMESTAMP,
  `Update_At` timestamp NOT NULL DEFAULT CURRENT_TIMESTAMP,
  `Admin_ID` int(11) NOT NULL
) ENGINE=InnoDB DEFAULT CHARSET=utf8;

--
-- Dumping data for table `Categories`
--

INSERT INTO `Categories` (`Categories_ID`, `Categories_Name`, `Categories_Description`, `Create_At`, `Update_At`, `Admin_ID`) VALUES
(1, 'Coding', '', '2020-10-11 10:38:27', '2020-10-11 10:38:27', 1),
(2, 'Hackathon', '', '2020-10-11 13:52:40', '2020-10-11 13:52:40', 1),
(3, 'Project', '', '2020-10-11 14:23:09', '2020-10-11 14:23:09', 1),
(4, 'Working', '', '2020-10-11 14:46:07', '2020-10-11 14:46:07', 1),
(5, 'Contest', '', '2020-10-12 09:07:51', '2020-10-12 09:07:51', 1),
(6, 'Offline Study', 'เรียน ในห้อง ในคณะ', '2020-10-12 09:37:07', '2020-10-12 09:37:07', 1),
(7, 'Seminar', '', '2020-10-12 11:26:42', '2020-10-12 11:26:42', 1),
(8, 'Workshop', '', '2020-10-12 11:34:40', '2020-10-12 11:34:40', 1),
(9, 'Online Study', 'เรียนคอร์สออนไลน์', '2020-10-12 11:48:54', '2020-10-12 11:48:54', 1),
(10, 'Self Study', 'หาโจทย์ทำเอง', '2020-10-12 11:59:18', '2020-10-12 11:59:18', 1),
(11, 'Reading Writing', '', '2020-10-14 07:43:58', '2020-10-25 07:55:50', 1),
(12, 'Community Study', 'เรียนรู็จากผู้คน', '2020-10-14 07:52:09', '2020-10-14 07:52:09', 1),
(13, 'Developing', 'พัฒนาต่าง ๆ Ex. เว็บ Open Source', '2020-10-14 08:00:53', '2020-10-14 08:00:53', 1),
(14, 'Public Speaking', '', '2020-10-19 08:35:06', '2020-10-25 07:55:50', 1),
(15, 'Movie', 'ดูหนัง', '2020-10-22 07:35:40', '2020-10-22 07:35:40', 1),
(16, 'Gaming', '', '2020-10-22 07:35:40', '2020-10-22 07:35:40', 1),
(17, 'Teaching', '', '2020-10-25 14:19:05', '2020-10-25 14:19:05', 1);

-- --------------------------------------------------------

--
-- Table structure for table `Categories_Alternative_Name`
--

CREATE TABLE `Categories_Alternative_Name` (
  `Categories_ID` int(11) NOT NULL,
  `Activity_Alternative_Name` varchar(1000) NOT NULL,
  `Create_At` timestamp NOT NULL DEFAULT CURRENT_TIMESTAMP,
  `Update_At` timestamp NOT NULL DEFAULT CURRENT_TIMESTAMP,
  `Admin_ID` int(11) NOT NULL
) ENGINE=InnoDB DEFAULT CHARSET=utf8;

--
-- Dumping data for table `Categories_Alternative_Name`
--

INSERT INTO `Categories_Alternative_Name` (`Categories_ID`, `Activity_Alternative_Name`, `Create_At`, `Update_At`, `Admin_ID`) VALUES
(1, 'join hackerrank and practice some exercise', '2020-10-11 10:47:01', '2020-10-11 10:47:01', 1),
(1, 'ประยุกต์ code ให้แก้ไขปัญหาชีวิตประจำวัน', '2020-10-11 10:42:47', '2020-10-11 10:42:47', 1),
(1, 'ฝึกเขียนโค้ด', '2020-10-11 10:44:35', '2020-10-11 10:44:35', 1),
(1, 'ฝึกโค้ดตามเว็บต่างๆ', '2020-10-11 10:44:35', '2020-10-11 10:44:35', 1),
(1, 'ฝึกโค๊ด', '2020-10-11 10:40:33', '2020-10-11 10:40:33', 1),
(1, 'ลองเขียนโปรแกรมขึ้นมาโดยกำหนดสโคปเอง', '2020-10-11 10:42:47', '2020-10-11 10:42:47', 1),
(1, 'เขียนโค็ด​', '2020-10-11 10:40:33', '2020-10-11 10:40:33', 1),
(1, 'เขียนโปรแกรม', '2020-10-11 10:39:32', '2020-10-11 10:39:32', 1),
(1, 'เขียนโปรแกรมแก้ไขปัญหาต่างๆ', '2020-10-11 10:47:01', '2020-10-11 10:47:01', 1),
(2, 'hackathon', '2020-10-25 08:30:18', '2020-10-25 08:30:18', 1),
(2, 'hackaton', '2020-10-11 13:56:52', '2020-10-11 13:56:52', 1),
(2, 'Hackaton สมาคมปัญฐานประดิษฐ์', '2020-10-11 13:56:52', '2020-10-11 13:56:52', 1),
(2, 'Hackthon', '2020-10-25 08:19:19', '2020-10-25 08:19:19', 1),
(2, 'เข้าร่วม hackaton', '2020-10-11 13:56:52', '2020-10-11 13:56:52', 1),
(2, 'แฮคกาตอน', '2020-10-11 13:56:52', '2020-10-11 13:56:52', 1),
(3, 'doing own projects', '2020-10-11 14:30:38', '2020-10-11 14:30:38', 1),
(3, 'Game Programming', '2020-10-11 14:30:38', '2020-10-11 14:30:38', 1),
(3, 'Improving existing projects', '2020-10-11 14:50:21', '2020-10-11 14:50:21', 1),
(3, 'projects', '2020-10-11 14:25:33', '2020-10-11 14:25:33', 1),
(3, 'คิดโปรเจ็กต์กาว ๆ', '2020-10-11 14:25:33', '2020-10-11 14:25:33', 1),
(3, 'ทำ Project', '2020-10-11 14:25:33', '2020-10-11 14:25:33', 1),
(3, 'ทำproject ของ มหาลัย', '2020-10-11 14:30:38', '2020-10-11 14:30:38', 1),
(3, 'ทำproject ในมหาลัย', '2020-10-18 08:52:23', '2020-10-18 08:52:23', 1),
(3, 'ทำโปรเจกต์', '2020-10-11 14:30:38', '2020-10-11 14:30:38', 1),
(3, 'ทำโปรเจค', '2020-10-11 14:31:24', '2020-10-11 14:31:24', 1),
(3, 'พัฒนาโปรเจกต์ที่สนใจ', '2020-10-11 14:30:38', '2020-10-11 14:30:38', 1),
(3, 'พัฒนาโปรเจกต์ที่เคยทำแล้ว', '2020-10-11 14:30:38', '2020-10-11 14:30:38', 1),
(3, 'พัฒนาโปรแกรม', '2020-10-11 14:30:38', '2020-10-11 14:30:38', 1),
(3, 'หาโปรเจคใหม่ ๆ ทำอยู่เสมอ', '2020-10-11 14:30:38', '2020-10-11 14:30:38', 1),
(3, 'ออกแบบโปรแกรม', '2020-10-11 14:30:38', '2020-10-11 14:30:38', 1),
(3, 'เขียนโปรแกรมแก้ปัญหาส่วนตัว', '2020-10-11 14:30:38', '2020-10-11 14:30:38', 1),
(3, '​ การทำงานร่วมกับผู้อื่นในการทำโปรเจค', '2020-10-25 14:18:08', '2020-10-25 14:18:08', 1),
(3, '​ การบริหารโปรเจค', '2020-10-22 07:42:55', '2020-10-22 07:42:55', 1),
(4, 'Freelance', '2020-10-11 14:50:21', '2020-10-11 14:50:21', 1),
(4, 'การรับงานข้างนอก', '2020-10-11 14:50:21', '2020-10-11 14:50:21', 1),
(4, 'ทำงาน', '2020-10-11 14:50:21', '2020-10-11 14:50:21', 1),
(4, 'ทำงานหรือ project จริงๆ', '2020-10-25 08:20:34', '2020-10-25 08:20:34', 1),
(4, 'ฝึกงาน', '2020-10-11 14:50:21', '2020-10-11 14:50:21', 1),
(4, 'รับงาน outsource ต่างๆ', '2020-10-11 14:50:21', '2020-10-11 14:50:21', 1),
(5, 'เข้สแข่งขัน', '2020-10-25 14:04:04', '2020-10-25 14:04:04', 1),
(5, 'เข้าแข่งขัน\r\n', '2020-10-19 09:16:12', '2020-10-19 09:16:12', 1),
(5, 'แข่ง NSC', '2020-10-12 09:14:44', '2020-10-12 09:14:44', 1),
(5, 'แข่งขัน', '2020-10-12 09:14:44', '2020-10-12 09:14:44', 1),
(5, 'แข่งตามงานต่างๆ', '2020-10-12 09:14:44', '2020-10-12 09:14:44', 1),
(6, 'Study', '2020-10-12 11:48:19', '2020-10-12 11:48:19', 1),
(6, 'นั่งทำ Lab', '2020-10-12 09:40:29', '2020-10-12 09:40:29', 1),
(6, 'เรียนGEN', '2020-10-18 08:57:14', '2020-10-18 08:57:14', 1),
(6, 'เรียนในคณะ', '2020-10-12 09:40:29', '2020-10-12 09:40:29', 1),
(7, 'สัมมนา', '2020-10-12 11:29:57', '2020-10-12 11:29:57', 1),
(7, 'อบรม', '2020-10-12 11:29:57', '2020-10-12 11:29:57', 1),
(7, 'เข้าอบรม', '2020-10-19 08:25:06', '2020-10-19 08:25:06', 1),
(8, 'เข้าร่วม Workshop', '2020-10-12 11:35:57', '2020-10-12 11:35:57', 1),
(9, 'Udemy', '2020-10-12 11:52:23', '2020-10-12 11:52:23', 1),
(9, 'ดู tech talk', '2020-10-14 07:46:06', '2020-10-14 07:46:06', 1),
(9, 'ดู Youtube', '2020-10-12 11:52:23', '2020-10-12 11:52:23', 1),
(9, 'ดูยูทูปที่มีการจกตัวอย่างหัวข้อนั้น', '2020-10-12 11:52:23', '2020-10-12 11:52:23', 1),
(9, 'ฝึกบ่อยๆดูคลิปวีดีโอเกี่ยวกับเรื่องนั้น', '2020-10-25 14:08:06', '2020-10-25 14:08:06', 1),
(9, 'หาข้อมูลในเว็บไซต์', '2020-10-12 11:52:23', '2020-10-12 11:52:23', 1),
(9, 'เรียนคอร์สออนไลน์', '2020-10-12 11:52:23', '2020-10-12 11:52:23', 1),
(9, 'เรียนรู้ผ่าน MOOC', '2020-10-12 11:52:23', '2020-10-12 11:52:23', 1),
(9, 'เรียนออนไลน์', '2020-10-12 11:52:23', '2020-10-12 11:52:23', 1),
(9, 'เรียนเนื้อหาภาษาในเว็บUdemy', '2020-10-12 11:52:23', '2020-10-12 11:52:23', 1),
(10, 'Always practicing', '2020-10-22 07:31:52', '2020-10-22 07:31:52', 1),
(10, 'base จากความสนใจรอบตัวและศึกษาความรู้ที่ related กับสิ่งที่เราสนใจ', '2020-10-12 12:01:58', '2020-10-12 12:01:58', 1),
(10, 'Google', '2020-10-19 08:27:32', '2020-10-19 08:27:32', 1),
(10, 'LeetCode or more side projects', '2020-10-25 08:31:54', '2020-10-25 08:31:54', 1),
(10, 'Look at interview questions.', '2020-10-25 08:19:19', '2020-10-25 08:19:19', 1),
(10, 'Problem solving', '2020-10-22 07:33:58', '2020-10-22 07:33:58', 1),
(10, 'Reflection', '2020-10-22 07:31:52', '2020-10-22 07:31:52', 1),
(10, 'Solving​ problem​ แก้ปํญหาเชาว์น', '2020-10-22 07:33:58', '2020-10-22 07:33:58', 1),
(10, 'การฝึกฝนการใช้ในสถานการต่าง ๆ ', '2020-10-22 07:31:52', '2020-10-22 07:31:52', 1),
(10, 'การพาตัวเองไปหาประสบการณ์ในสถานที่ไม่คุ้นเคย', '2020-10-19 09:13:07', '2020-10-19 09:13:07', 1),
(10, 'ค้นคว้าด้วยตนเอง', '2020-10-19 09:13:07', '2020-10-19 09:13:07', 1),
(10, 'ค้นหาเกี่ยวกับสิ่งสิ่งที่สนใจผ่านยูทูป', '2020-10-14 07:45:29', '2020-10-14 07:45:29', 1),
(10, 'ค้นหาเครื่องมือ', '2020-10-25 08:30:18', '2020-10-25 08:30:18', 1),
(10, 'ค้นหาเครื่องมือ/อุปกรณ์ที่ช่วยในการทำงาน', '2020-10-14 07:59:24', '2020-10-14 07:59:24', 1),
(10, 'ดูคลิปวีดีโอเกี่ยวกับเรื่องนั้น', '2020-10-19 09:13:07', '2020-10-19 09:13:07', 1),
(10, 'ทำโจทย์อัลกอริทึม', '2020-10-12 12:01:58', '2020-10-12 12:01:58', 1),
(10, 'ฝึกฝนตามแบบทดสอบ', '2020-10-12 12:01:58', '2020-10-12 12:01:58', 1),
(10, 'พัฒนาตัวเองด้วยความรู้ใหม่ๆ', '2020-10-19 09:13:07', '2020-10-19 09:13:07', 1),
(10, 'มองดูตัวเองบ่อยๆ', '2020-10-22 07:31:52', '2020-10-22 07:31:52', 1),
(10, 'ลองทำอะไรหลายๆ อย่างเพื่อค้นหาสิ่งที่ตัวเองชอบ', '2020-10-22 07:31:52', '2020-10-22 07:31:52', 1),
(10, 'ลองทำโจทย์', '2020-10-12 12:01:58', '2020-10-12 12:01:58', 1),
(10, 'ลองปฏิบัติงานจริง', '2020-10-19 08:29:38', '2020-10-19 08:29:38', 1),
(10, 'ศึกษาค้นคว้าด้วยตนเอง', '2020-10-12 12:01:58', '2020-10-12 12:01:58', 1),
(10, 'อุปกรณ์ที่ช่วยในการทำงาน', '2020-10-25 08:30:18', '2020-10-25 08:30:18', 1),
(10, 'เรียนรู้อยู่ตลอดเวลา', '2020-10-22 07:31:52', '2020-10-22 07:31:52', 1),
(10, 'เรียนเขียนภาษาใหม่ ๆ', '2020-10-12 12:01:58', '2020-10-12 12:01:58', 1),
(10, 'แกะโค้ดดูว่าคนอื่นเขียนยังไง', '2020-10-12 12:01:58', '2020-10-12 12:01:58', 1),
(10, 'แก้โจทย์', '2020-10-12 12:01:58', '2020-10-12 12:01:58', 1),
(11, 'Read books and articles about self development', '2020-10-22 07:31:52', '2020-10-22 07:31:52', 1),
(11, 'การเขียนบทความการพัฒนาโปรแกรม', '2020-10-22 07:31:52', '2020-10-22 07:31:52', 1),
(11, 'นั่งอ่าน tech', '2020-10-22 07:31:52', '2020-10-22 07:31:52', 1),
(11, 'อ่าน', '2020-10-22 07:31:52', '2020-10-22 07:31:52', 1),
(11, 'อ่านบทความเกี่ยวบกับการพัฒนาซอฟต์แวร์', '2020-10-14 07:45:29', '2020-10-14 07:45:29', 1),
(11, 'อ่านหนังสือ', '2020-10-22 07:31:52', '2020-10-22 07:31:52', 1),
(11, 'อ่านหนังสือและบทความ', '2020-10-14 07:45:29', '2020-10-14 07:45:29', 1),
(11, 'เขียนบทความ', '2020-10-22 07:31:52', '2020-10-22 07:31:52', 1),
(11, 'เขียนบทความเกี่ยวกับการพัฒนาโปรแกรม', '2020-10-14 07:55:28', '2020-10-14 07:55:28', 1),
(12, 'Exchage culture and lifestyle', '2020-10-19 09:02:48', '2020-10-22 07:20:43', 1),
(12, 'meeting กับเพื่อน', '2020-10-19 08:53:24', '2020-10-19 08:53:24', 1),
(12, 'meetup', '2020-10-25 08:28:44', '2020-10-25 08:28:44', 1),
(12, 'Talk with others settings goals', '2020-10-22 07:31:52', '2020-10-22 07:31:52', 1),
(12, 'การติดต่อพูดคุยกับเพื่อนในคณะ', '2020-10-19 08:47:01', '2020-10-22 07:20:43', 1),
(12, 'การติดต่อพูดคุยกับเพื่อนในคณะ ไม่ใช่แค่ในสาขา', '2020-10-25 13:55:03', '2020-10-25 13:55:03', 1),
(12, 'การทำงานร่วมกับผู้อื่น', '2020-10-19 08:53:24', '2020-10-22 07:20:43', 1),
(12, 'การพาตัวเองไปหาประสบการณ์ในสถานที่ไม่คุ้นเคย พบปะผู้คนหน้าใหม่ แลกเปลี่ยนความเห็นและรับฟังมุมมองคนเหล่านั้นและสังเคราะเก็บมาใช้ในแบบของตัวเอง', '2020-10-25 13:55:03', '2020-10-25 13:55:03', 1),
(12, 'การได้ออกไปคุยเกี่ยวกับเรื่องที่ตัวเองทำอยู่', '2020-10-22 07:31:52', '2020-10-22 07:31:52', 1),
(12, 'คุยกับ mentor', '2020-10-19 08:53:24', '2020-10-19 08:53:24', 1),
(12, 'ถามเพื่อน', '2020-10-14 07:55:28', '2020-10-14 07:55:28', 1),
(12, 'ทำกิจกรรมกลุ่ม', '2020-10-19 08:53:24', '2020-10-19 08:53:24', 1),
(12, 'ทำจิตอาสา', '2020-10-22 07:33:58', '2020-10-22 07:33:58', 1),
(12, 'นัดพบผู้เชี่ยวชาญ', '2020-10-14 07:55:28', '2020-10-14 07:55:28', 1),
(12, 'พบปะผู้คนหน้าใหม่ แลกเปลี่ยนความเห็นและรับฟังมุมมอง', '2020-10-19 08:53:24', '2020-10-19 08:53:24', 1),
(12, 'พบป่ะ meeting กับเพื่อน', '2020-10-25 13:55:03', '2020-10-25 13:55:03', 1),
(12, 'พยายามถามรุ่นพี่ที่มีประสบการณ์', '2020-10-19 08:31:49', '2020-10-19 08:31:49', 1),
(12, 'ร่วมงานกับคนอื่นในสิ่งที่ตัวเองเชี่ยวชาญหรืออยากหาประสบการณ์', '2020-10-19 08:53:24', '2020-10-19 08:53:24', 1),
(12, 'สอน', '2020-10-22 07:31:52', '2020-10-22 07:31:52', 1),
(12, 'สอนเพื่อน', '2020-10-14 07:55:28', '2020-10-14 07:55:28', 1),
(12, 'เข้าค่าย', '2020-10-14 07:55:28', '2020-10-14 07:55:28', 1),
(12, 'เข้าร่วม conference', '2020-10-14 07:55:28', '2020-10-25 08:27:46', 1),
(12, 'เข้าร่วมการทำงานกับผู้อื่นบ่อยๆ', '2020-10-19 08:53:24', '2020-10-19 08:53:24', 1),
(12, 'เข้าไปอยู่ในสภาพแวดล้อมที่มีแต่คนเก่ง ๆ', '2020-10-19 08:53:24', '2020-10-19 08:53:24', 1),
(12, 'เข้าไปอยู่ในสภาพแวดล้อมที่มีแต่คนเก่ง ๆ และหาโอกาสทำกิจกรรมร่วมกับเขา', '2020-10-25 13:55:03', '2020-10-25 13:55:03', 1),
(12, 'แลกเปลี่ยนความรู้กับผู้รู้', '2020-10-14 07:55:28', '2020-10-14 07:55:28', 1),
(12, 'ไปร่วมงานที่มีแต่คนทางด้านไอที', '2020-10-19 08:53:24', '2020-10-19 08:53:24', 1),
(12, '​ การสอนผู้อื่นเกี่ยวกับหัวข้อทางวิทยาการคอมพิวเตอร์', '2020-10-19 08:53:24', '2020-10-22 07:20:43', 1),
(13, 'dba', '2020-10-14 08:02:25', '2020-10-14 08:02:25', 1),
(13, 'ทำ open source library', '2020-10-14 08:02:25', '2020-10-14 08:02:25', 1),
(13, 'ทำ web app', '2020-10-14 08:02:25', '2020-10-14 08:02:25', 1),
(13, 'ทำopensouce', '2020-10-14 08:02:25', '2020-10-14 08:02:25', 1),
(13, 'พัฒนา web application', '2020-10-14 08:02:25', '2020-10-14 08:02:25', 1),
(13, 'เขียนเว็บ', '2020-10-14 08:02:25', '2020-10-14 08:02:25', 1),
(14, 'Discussion', '2020-10-19 08:47:01', '2020-10-19 08:47:01', 1),
(14, 'Gen public speaking', '2020-10-22 07:22:39', '2020-10-22 07:22:39', 1),
(14, 'Presentation', '2020-10-19 09:00:55', '2020-10-19 09:00:55', 1),
(14, 'Talking', '2020-10-19 09:02:48', '2020-10-19 09:02:48', 1),
(14, 'การนำเสนองานหน้าชั้นเรียน', '2020-10-25 13:55:03', '2020-10-25 13:55:03', 1),
(14, 'การฝึกฝนการใช้ในสถานการต่าง ๆ เช่นการไปพูด talk หรือเข้าร่วม discussion', '2020-10-25 13:59:48', '2020-10-25 13:59:48', 1),
(14, 'การพูดคุย', '2020-10-19 08:47:01', '2020-10-19 08:47:01', 1),
(14, 'การพูดคุย และฃลองปฏิบัติงานจริง', '2020-10-25 14:07:29', '2020-10-25 14:07:29', 1),
(14, 'นำเสนองานหน้าชั้นเรียน', '2020-10-19 08:47:01', '2020-10-19 08:47:01', 1),
(14, 'ฝึกนำเสนองาน', '2020-10-19 08:47:01', '2020-10-19 08:47:01', 1),
(14, 'ฝึกพรีเซ้นผลงานเมื่อมีโอกาส', '2020-10-19 09:00:55', '2020-10-19 09:00:55', 1),
(14, 'ฝึกพูด', '2020-10-19 08:47:01', '2020-10-19 08:47:01', 1),
(14, 'ลงเรียนวิชา public speaking', '2020-10-22 07:22:39', '2020-10-22 07:22:39', 1),
(14, 'ลองคุยกับคนต่างชาติในสาขา', '2020-10-19 08:41:19', '2020-10-19 08:41:19', 1),
(14, '​ การนำเสนอผลงาน', '2020-10-25 14:14:03', '2020-10-25 14:14:03', 1),
(15, 'ดูหนัง', '2020-10-22 07:42:01', '2020-10-22 07:42:01', 1),
(16, 'play DotA 2', '2020-10-22 07:42:01', '2020-10-22 07:42:01', 1),
(17, 'สอนคนอื่น', '2020-10-25 14:19:19', '2020-10-25 14:19:19', 1);

-- --------------------------------------------------------

--
-- Table structure for table `Categories_Skills`
--

CREATE TABLE `Categories_Skills` (
  `Categories_ID` int(11) NOT NULL,
  `Skill_ID` int(11) NOT NULL,
  `weight` float NOT NULL,
  `Create_At` timestamp NOT NULL DEFAULT CURRENT_TIMESTAMP,
  `Update_At` timestamp NOT NULL DEFAULT CURRENT_TIMESTAMP,
  `Admin_ID` int(11) NOT NULL
) ENGINE=InnoDB DEFAULT CHARSET=utf8;

--
-- Dumping data for table `Categories_Skills`
--

INSERT INTO `Categories_Skills` (`Categories_ID`, `Skill_ID`, `weight`, `Create_At`, `Update_At`, `Admin_ID`) VALUES
(1, 1, 0.2, '2020-10-11 11:03:46', '2020-10-11 11:03:46', 1),
(1, 2, 0.2, '2020-10-11 11:03:46', '2020-10-11 11:03:46', 1),
(1, 3, 0.4, '2020-10-11 11:03:46', '2020-10-11 11:03:46', 1),
(1, 4, 0.1, '2020-10-11 14:00:36', '2020-10-11 14:00:36', 1),
(1, 8, 0.1, '2020-10-11 11:03:46', '2020-10-11 11:03:46', 1),
(2, 1, 0.1, '2020-10-11 14:16:27', '2020-10-11 14:16:27', 1),
(2, 2, 0.1, '2020-10-11 14:16:27', '2020-10-11 14:16:27', 1),
(2, 3, 0.3, '2020-10-11 14:16:27', '2020-10-11 14:16:27', 1),
(2, 6, 0.3, '2020-10-11 14:16:27', '2020-10-11 14:16:27', 1),
(2, 7, 0.1, '2020-10-11 14:16:27', '2020-10-11 14:16:27', 1),
(2, 8, 0.1, '2020-10-11 14:16:27', '2020-10-11 14:16:27', 1),
(3, 1, 0.1, '2020-10-11 14:38:01', '2020-10-11 14:38:01', 1),
(3, 2, 0.1, '2020-10-11 14:38:01', '2020-10-11 14:38:01', 1),
(3, 3, 0.2, '2020-10-11 14:38:01', '2020-10-11 14:38:01', 1),
(3, 4, 0.1, '2020-10-11 14:38:01', '2020-10-11 14:38:01', 1),
(3, 6, 0.2, '2020-10-11 14:38:01', '2020-10-11 14:38:01', 1),
(3, 7, 0.1, '2020-10-11 14:38:01', '2020-10-11 14:38:01', 1),
(3, 8, 0.2, '2020-10-11 14:38:01', '2020-10-11 14:38:01', 1),
(4, 1, 0.2, '2020-10-11 14:56:26', '2020-10-11 14:56:26', 1),
(4, 2, 0.1, '2020-10-11 14:56:26', '2020-10-11 14:56:26', 1),
(4, 3, 0.2, '2020-10-11 14:56:26', '2020-10-11 14:56:26', 1),
(4, 4, 0.1, '2020-10-11 14:56:26', '2020-10-11 14:56:26', 1),
(4, 6, 0.2, '2020-10-11 14:56:26', '2020-10-11 14:56:26', 1),
(4, 7, 0.2, '2020-10-11 14:56:26', '2020-10-11 14:56:26', 1),
(5, 1, 0.2, '2020-10-12 09:19:43', '2020-10-12 09:19:43', 1),
(5, 2, 0.1, '2020-10-12 09:19:43', '2020-10-12 09:19:43', 1),
(5, 3, 0.3, '2020-10-12 09:19:43', '2020-10-12 09:19:43', 1),
(5, 6, 0.1, '2020-10-12 09:19:43', '2020-10-12 09:19:43', 1),
(5, 7, 0.3, '2020-10-12 09:19:43', '2020-10-12 09:19:43', 1),
(6, 1, 0.2, '2020-10-12 09:44:01', '2020-10-12 09:44:01', 1),
(6, 2, 0.2, '2020-10-12 09:44:01', '2020-10-12 09:44:01', 1),
(6, 3, 0.2, '2020-10-12 09:44:01', '2020-10-12 09:44:01', 1),
(6, 4, 0.2, '2020-10-12 09:44:01', '2020-10-12 09:44:01', 1),
(6, 5, 0.2, '2020-10-12 09:44:01', '2020-10-12 09:44:01', 1),
(7, 1, 0.1, '2020-10-12 11:32:28', '2020-10-12 11:32:28', 1),
(7, 2, 0.1, '2020-10-12 11:32:28', '2020-10-12 11:32:28', 1),
(7, 3, 0.1, '2020-10-12 11:32:28', '2020-10-12 11:32:28', 1),
(7, 4, 0.1, '2020-10-12 11:32:28', '2020-10-12 11:32:28', 1),
(7, 6, 0.6, '2020-10-12 11:32:28', '2020-10-12 11:32:28', 1),
(8, 1, 0.1, '2020-10-12 11:47:37', '2020-10-12 11:47:37', 1),
(8, 2, 0.1, '2020-10-12 11:47:37', '2020-10-12 11:47:37', 1),
(8, 3, 0.3, '2020-10-12 11:47:37', '2020-10-12 11:47:37', 1),
(8, 4, 0.1, '2020-10-12 11:47:37', '2020-10-12 11:47:37', 1),
(8, 6, 0.3, '2020-10-12 11:47:37', '2020-10-12 11:47:37', 1),
(8, 8, 0.1, '2020-10-12 11:47:37', '2020-10-12 11:47:37', 1),
(9, 1, 0.2, '2020-10-12 11:56:54', '2020-10-12 11:56:54', 1),
(9, 2, 0.2, '2020-10-12 11:56:54', '2020-10-12 11:56:54', 1),
(9, 3, 0.1, '2020-10-12 11:56:54', '2020-10-12 11:56:54', 1),
(9, 4, 0.2, '2020-10-12 11:56:54', '2020-10-12 11:56:54', 1),
(9, 7, 0.1, '2020-10-12 11:56:54', '2020-10-12 11:56:54', 1),
(9, 8, 0.2, '2020-10-12 11:56:54', '2020-10-12 11:56:54', 1),
(10, 1, 0.2, '2020-10-12 12:04:46', '2020-10-12 12:04:46', 1),
(10, 2, 0.2, '2020-10-12 12:04:46', '2020-10-12 12:04:46', 1),
(10, 3, 0.3, '2020-10-12 12:04:46', '2020-10-12 12:04:46', 1),
(10, 4, 0.1, '2020-10-12 12:04:46', '2020-10-12 12:04:46', 1),
(10, 7, 0.1, '2020-10-12 12:04:46', '2020-10-12 12:04:46', 1),
(10, 8, 0.1, '2020-10-12 12:04:46', '2020-10-12 12:04:46', 1),
(11, 1, 0.2, '2020-10-14 07:48:23', '2020-10-14 07:48:23', 1),
(11, 2, 0.2, '2020-10-14 07:48:23', '2020-10-14 07:48:23', 1),
(11, 3, 0.1, '2020-10-14 07:48:23', '2020-10-14 07:48:23', 1),
(11, 4, 0.2, '2020-10-14 07:48:23', '2020-10-14 07:48:23', 1),
(11, 5, 0.2, '2020-10-14 07:48:23', '2020-10-14 07:48:23', 1),
(11, 8, 0.1, '2020-10-14 07:48:23', '2020-10-14 07:48:23', 1),
(12, 1, 0.2, '2020-10-14 07:57:36', '2020-10-14 07:57:36', 1),
(12, 2, 0.2, '2020-10-14 07:57:36', '2020-10-14 07:57:36', 1),
(12, 3, 0.2, '2020-10-14 07:57:36', '2020-10-14 07:57:36', 1),
(12, 4, 0.2, '2020-10-14 07:57:36', '2020-10-14 07:57:36', 1),
(12, 6, 0.2, '2020-10-14 07:57:36', '2020-10-14 07:57:36', 1),
(13, 1, 0.2, '2020-10-14 08:05:11', '2020-10-14 08:05:11', 1),
(13, 2, 0.2, '2020-10-14 08:05:11', '2020-10-14 08:05:11', 1),
(13, 3, 0.2, '2020-10-14 08:05:11', '2020-10-14 08:05:11', 1),
(13, 4, 0.1, '2020-10-14 08:05:11', '2020-10-14 08:05:11', 1),
(13, 7, 0.2, '2020-10-14 08:05:11', '2020-10-14 08:05:11', 1),
(13, 8, 0.1, '2020-10-14 08:05:11', '2020-10-14 08:05:11', 1),
(14, 5, 0.3, '2020-10-19 08:39:02', '2020-10-19 08:39:02', 1),
(14, 6, 0.5, '2020-10-19 08:39:02', '2020-10-19 08:39:02', 1),
(14, 8, 0.2, '2020-10-19 08:39:02', '2020-10-19 08:39:02', 1),
(15, 5, 0.6, '2020-10-22 07:37:21', '2020-10-22 07:37:21', 1),
(15, 6, 0.1, '2020-10-22 07:37:21', '2020-10-22 07:37:21', 1),
(15, 7, 0.1, '2020-10-22 07:37:21', '2020-10-22 07:37:21', 1),
(15, 8, 0.1, '2020-10-22 07:37:21', '2020-10-22 07:37:21', 1),
(16, 5, 0.3, '2020-10-22 07:38:49', '2020-10-22 07:38:49', 1),
(16, 6, 0.3, '2020-10-22 07:38:49', '2020-10-22 07:38:49', 1),
(16, 7, 0.3, '2020-10-22 07:38:49', '2020-10-22 07:38:49', 1),
(16, 8, 0.1, '2020-10-22 07:38:49', '2020-10-22 07:38:49', 1),
(17, 1, 0.1, '2020-10-25 14:21:33', '2020-10-25 14:21:33', 1),
(17, 2, 0.1, '2020-10-25 14:21:33', '2020-10-25 14:21:33', 1),
(17, 3, 0.1, '2020-10-25 14:21:33', '2020-10-25 14:21:33', 1),
(17, 4, 0.1, '2020-10-25 14:21:33', '2020-10-25 14:21:33', 1),
(17, 5, 0.1, '2020-10-25 14:21:33', '2020-10-25 14:21:33', 1),
(17, 6, 0.3, '2020-10-25 14:21:33', '2020-10-25 14:21:33', 1),
(17, 7, 0.1, '2020-10-25 14:21:33', '2020-10-25 14:21:33', 1),
(17, 8, 0.1, '2020-10-25 14:21:33', '2020-10-25 14:21:33', 1);

-- --------------------------------------------------------

--
-- Table structure for table `Categories_Style`
--

CREATE TABLE `Categories_Style` (
  `Categories_ID` int(11) NOT NULL,
  `Learning_Style_ID` int(11) NOT NULL,
  `Create_At` timestamp NOT NULL DEFAULT CURRENT_TIMESTAMP,
  `Update_At` timestamp NOT NULL DEFAULT CURRENT_TIMESTAMP,
  `Admin_ID` int(11) NOT NULL
) ENGINE=InnoDB DEFAULT CHARSET=utf8;

--
-- Dumping data for table `Categories_Style`
--

INSERT INTO `Categories_Style` (`Categories_ID`, `Learning_Style_ID`, `Create_At`, `Update_At`, `Admin_ID`) VALUES
(1, 4, '2020-10-11 13:40:00', '2020-10-11 13:40:00', 1),
(1, 5, '2020-10-11 13:40:00', '2020-10-11 13:40:00', 1),
(1, 7, '2020-10-11 13:40:00', '2020-10-11 13:40:00', 1),
(2, 3, '2020-10-11 14:21:43', '2020-10-11 14:21:43', 1),
(2, 4, '2020-10-11 14:21:43', '2020-10-11 14:21:43', 1),
(2, 5, '2020-10-11 14:21:43', '2020-10-11 14:21:43', 1),
(2, 6, '2020-10-11 14:21:43', '2020-10-11 14:21:43', 1),
(3, 3, '2020-10-11 14:41:23', '2020-10-11 14:41:23', 1),
(3, 4, '2020-10-11 14:41:23', '2020-10-11 14:41:23', 1),
(3, 5, '2020-10-11 14:41:23', '2020-10-11 14:41:23', 1),
(3, 6, '2020-10-11 14:41:23', '2020-10-11 14:41:23', 1),
(4, 3, '2020-10-11 14:58:14', '2020-10-11 14:58:14', 1),
(4, 4, '2020-10-11 14:58:14', '2020-10-11 14:58:14', 1),
(4, 5, '2020-10-11 14:58:14', '2020-10-11 14:58:14', 1),
(4, 6, '2020-10-11 14:58:14', '2020-10-11 14:58:14', 1),
(5, 3, '2020-10-12 09:30:11', '2020-10-12 09:30:11', 1),
(5, 4, '2020-10-12 09:30:11', '2020-10-12 09:30:11', 1),
(5, 5, '2020-10-12 09:30:11', '2020-10-12 09:30:11', 1),
(5, 6, '2020-10-12 09:30:11', '2020-10-12 09:30:11', 1),
(6, 1, '2020-10-12 09:45:41', '2020-10-12 09:45:41', 1),
(6, 2, '2020-10-12 09:45:41', '2020-10-12 09:45:41', 1),
(6, 3, '2020-10-12 09:45:41', '2020-10-12 09:45:41', 1),
(6, 5, '2020-10-12 09:45:41', '2020-10-12 09:45:41', 1),
(6, 6, '2020-10-12 09:45:41', '2020-10-12 09:45:41', 1),
(7, 1, '2020-10-12 11:34:12', '2020-10-12 11:34:12', 1),
(7, 2, '2020-10-12 11:34:12', '2020-10-12 11:34:12', 1),
(7, 3, '2020-10-12 11:34:12', '2020-10-12 11:34:12', 1),
(7, 6, '2020-10-12 11:34:12', '2020-10-12 11:34:12', 1),
(8, 4, '2020-10-12 11:36:43', '2020-10-12 11:36:43', 1),
(8, 5, '2020-10-12 11:36:43', '2020-10-12 11:36:43', 1),
(8, 6, '2020-10-12 11:36:43', '2020-10-12 11:36:43', 1),
(9, 1, '2020-10-12 11:57:59', '2020-10-12 11:57:59', 1),
(9, 2, '2020-10-12 11:57:59', '2020-10-12 11:57:59', 1),
(9, 5, '2020-10-12 11:57:59', '2020-10-12 11:57:59', 1),
(9, 7, '2020-10-12 11:57:59', '2020-10-12 11:57:59', 1),
(10, 4, '2020-10-12 12:05:37', '2020-10-12 12:05:37', 1),
(10, 5, '2020-10-12 12:05:37', '2020-10-12 12:05:37', 1),
(10, 7, '2020-10-12 12:05:37', '2020-10-12 12:05:37', 1),
(11, 3, '2020-10-14 07:49:26', '2020-10-14 07:49:26', 1),
(11, 7, '2020-10-14 07:49:26', '2020-10-14 07:49:26', 1),
(12, 2, '2020-10-14 07:58:40', '2020-10-14 07:58:40', 1),
(12, 3, '2020-10-14 07:58:40', '2020-10-14 07:58:40', 1),
(12, 6, '2020-10-14 07:58:40', '2020-10-14 07:58:40', 1),
(13, 4, '2020-10-14 08:06:08', '2020-10-14 08:06:08', 1),
(13, 5, '2020-10-14 08:06:08', '2020-10-14 08:06:08', 1),
(13, 7, '2020-10-14 08:06:08', '2020-10-14 08:06:08', 1),
(14, 2, '2020-10-19 08:40:47', '2020-10-19 08:40:47', 1),
(14, 3, '2020-10-19 08:40:47', '2020-10-19 08:40:47', 1),
(14, 6, '2020-10-19 08:40:47', '2020-10-19 08:40:47', 1),
(15, 1, '2020-10-22 07:40:41', '2020-10-22 07:40:41', 1),
(15, 2, '2020-10-22 07:40:41', '2020-10-22 07:40:41', 1),
(15, 5, '2020-10-22 07:41:31', '2020-10-22 07:41:31', 1),
(16, 1, '2020-10-22 07:41:31', '2020-10-22 07:41:31', 1),
(16, 2, '2020-10-22 07:41:31', '2020-10-22 07:41:31', 1),
(16, 3, '2020-10-22 07:41:31', '2020-10-22 07:41:31', 1),
(17, 3, '2020-10-25 14:23:28', '2020-10-25 14:23:28', 1),
(17, 4, '2020-10-25 14:23:28', '2020-10-25 14:23:28', 1),
(17, 5, '2020-10-25 14:23:28', '2020-10-25 14:23:28', 1),
(17, 6, '2020-10-25 14:23:28', '2020-10-25 14:23:28', 1);

-- --------------------------------------------------------

--
-- Table structure for table `Comment`
--

CREATE TABLE `Comment` (
  `Comment_ID` int(11) NOT NULL,
  `Forum_ID` int(11) NOT NULL,
  `Comment` varchar(2000) NOT NULL,
  `Create_At` timestamp NOT NULL DEFAULT CURRENT_TIMESTAMP
) ENGINE=InnoDB DEFAULT CHARSET=utf8;

--
-- Dumping data for table `Comment`
--

INSERT INTO `Comment` (`Comment_ID`, `Forum_ID`, `Comment`, `Create_At`) VALUES
(1, 1, 'การใช้งานต่างกัน', '2020-12-15 13:53:31'),
(2, 1, 'ไม่มั้นใจเหมือนกัน จำไม่ว่าตัวนึงมีจำกัด แต่อีกตัวคือทำเรื่อย ๆ', '2020-12-15 13:56:48'),
(4, 2, 'วิดีโอสนุกมากเลย เข้าใจง่ายมาก', '2020-12-15 14:45:01'),
(5, 1, 'gfhjkl', '2020-12-16 04:07:33'),
(6, 1, 'Hello world', '2020-12-16 05:49:13'),
(7, 2, 'วิิดีโอสนุกมากเลย เข้าใจง่ายมาก', '2020-12-16 05:54:30'),
(8, 2, 'วิิดีโอสนุกมากเลย เข้าใจง่ายมาก', '2020-12-16 05:55:37'),
(9, 1, 'Test Eiei', '2020-12-16 05:56:41'),
(10, 1, 'hello', '2020-12-16 06:10:04'),
(11, 1, 'qwerty', '2020-12-16 06:13:48'),
(12, 1, 'rrrr', '2020-12-16 06:14:30');

-- --------------------------------------------------------

--
-- Table structure for table `Forum`
--

CREATE TABLE `Forum` (
  `Forum_ID` int(11) NOT NULL,
  `Activity_ID` int(11) NOT NULL,
  `Create_At` timestamp NOT NULL DEFAULT CURRENT_TIMESTAMP,
  `Update_At` timestamp NOT NULL DEFAULT CURRENT_TIMESTAMP
) ENGINE=InnoDB DEFAULT CHARSET=utf8;

--
-- Dumping data for table `Forum`
--

INSERT INTO `Forum` (`Forum_ID`, `Activity_ID`, `Create_At`, `Update_At`) VALUES
(1, 1, '2020-12-15 11:02:19', '2020-12-15 11:02:19'),
(2, 93, '2020-12-15 14:33:44', '2020-12-15 14:33:44');

-- --------------------------------------------------------

--
-- Table structure for table `Learning_Style`
--

CREATE TABLE `Learning_Style` (
  `Learning_Style_ID` int(11) NOT NULL,
  `Learning_Style_Name` varchar(500) NOT NULL,
  `Learning_Style_Description` varchar(500) NOT NULL
) ENGINE=InnoDB DEFAULT CHARSET=utf8;

--
-- Dumping data for table `Learning_Style`
--

INSERT INTO `Learning_Style` (`Learning_Style_ID`, `Learning_Style_Name`, `Learning_Style_Description`) VALUES
(0, 'Null', ''),
(1, 'Visual', 'Prefer using pictures, images, and spatial understanding.'),
(2, 'Aural', 'Prefer using sound and music.'),
(3, 'Verbal', 'Prefer using words, both in speech and writing.'),
(4, 'Physical', 'Prefer using your body, hands and sense of touch.'),
(5, 'Logical', 'Prefer using logic, reasoning and systems.'),
(6, 'Social', 'Prefer to learn in groups or with other people.'),
(7, 'Solitary', 'Prefer to work alone and use self-study.');

-- --------------------------------------------------------

--
-- Table structure for table `MBTI`
--

CREATE TABLE `MBTI` (
  `MBTI_ID` int(11) NOT NULL,
  `Type` varchar(5) NOT NULL,
  `Type_Name` varchar(50) NOT NULL,
  `Tag` varchar(30) NOT NULL
) ENGINE=InnoDB DEFAULT CHARSET=utf8;

--
-- Dumping data for table `MBTI`
--

INSERT INTO `MBTI` (`MBTI_ID`, `Type`, `Type_Name`, `Tag`) VALUES
(0, 'Null', '', ''),
(1, 'INTJ', 'Architect', 'Analysts'),
(2, 'INTP', 'Logician', 'Analysts'),
(3, 'ENTJ', 'Commander', 'Analysts'),
(4, 'ENTP', 'Debater', 'Analysts'),
(5, 'INFJ', 'Advocate', 'Diplomats'),
(6, 'INFP', 'Mediator', 'Diplomats'),
(7, 'ENFJ', 'Protagonist', 'Diplomats '),
(8, 'ENFP', 'Campaigner', 'Diplomats '),
(9, 'ISTJ', 'Logistician', 'Sentinels'),
(10, 'ISFJ', 'Defender', 'Sentinels'),
(11, 'ESTJ', 'Executive', 'Sentinels'),
(12, 'ESFJ', 'Consul', 'Sentinels'),
(13, 'ISTP', 'Virtuoso', 'Explores'),
(14, 'ISFP', 'Adventurer', 'Explores'),
(15, 'ESTP', 'Entrepreneur', 'Explores'),
(16, 'ESFP', 'Enteriner', 'Explores');

-- --------------------------------------------------------

--
-- Table structure for table `Mission`
--

CREATE TABLE `Mission` (
  `Mission_ID` int(11) NOT NULL,
  `Mission_Name` varchar(100) NOT NULL,
  `Mission_Description` varchar(500) NOT NULL,
  `Create_At` timestamp NOT NULL DEFAULT CURRENT_TIMESTAMP,
  `Update_At` timestamp NOT NULL DEFAULT CURRENT_TIMESTAMP,
  `Admin_ID` int(11) NOT NULL
) ENGINE=InnoDB DEFAULT CHARSET=utf8;

-- --------------------------------------------------------

--
-- Table structure for table `Mission_Activity_List`
--

CREATE TABLE `Mission_Activity_List` (
  `Mission_ID` int(11) NOT NULL,
  `Activity_ID` int(11) NOT NULL,
  `Create_At` timestamp NOT NULL DEFAULT CURRENT_TIMESTAMP,
  `Update_At` timestamp NOT NULL DEFAULT CURRENT_TIMESTAMP,
  `Admin_ID` int(11) NOT NULL
) ENGINE=InnoDB DEFAULT CHARSET=utf8;

-- --------------------------------------------------------

--
-- Table structure for table `Role`
--

CREATE TABLE `Role` (
  `Role_ID` int(11) NOT NULL,
  `Name` varchar(50) NOT NULL,
  `Permission` int(11) NOT NULL
) ENGINE=InnoDB DEFAULT CHARSET=utf8;

--
-- Dumping data for table `Role`
--

INSERT INTO `Role` (`Role_ID`, `Name`, `Permission`) VALUES
(1, 'System', 1);

-- --------------------------------------------------------

--
-- Table structure for table `Skills`
--

CREATE TABLE `Skills` (
  `Skill_ID` int(11) NOT NULL,
  `Name` varchar(30) NOT NULL
) ENGINE=InnoDB DEFAULT CHARSET=utf8;

--
-- Dumping data for table `Skills`
--

INSERT INTO `Skills` (`Skill_ID`, `Name`) VALUES
(1, 'Algorithm'),
(2, 'Data Structure'),
(3, 'Programming'),
(4, 'Mathematic'),
(5, 'Language'),
(6, 'Communication'),
(7, 'Problem Solving'),
(8, 'Self Motivation');

-- --------------------------------------------------------

--
-- Table structure for table `Status`
--

CREATE TABLE `Status` (
  `Status_ID` int(11) NOT NULL,
  `Status_Name` varchar(20) NOT NULL,
  `Create_At` timestamp NOT NULL DEFAULT CURRENT_TIMESTAMP,
  `Update_At` timestamp NOT NULL DEFAULT CURRENT_TIMESTAMP,
  `Admin_ID` int(11) NOT NULL
) ENGINE=InnoDB DEFAULT CHARSET=utf8;

--
-- Dumping data for table `Status`
--

INSERT INTO `Status` (`Status_ID`, `Status_Name`, `Create_At`, `Update_At`, `Admin_ID`) VALUES
(1, 'Available', '2020-12-04 07:22:50', '2020-12-04 07:22:50', 1),
(2, 'On Process', '2020-12-04 07:22:50', '2020-12-04 07:22:50', 1),
(3, 'Done', '2020-12-04 07:22:50', '2020-12-04 07:22:50', 1);

-- --------------------------------------------------------

--
-- Table structure for table `Study_Cluster`
--

CREATE TABLE `Study_Cluster` (
  `Study_Cluster_ID` int(11) NOT NULL,
  `MBTI_Center` double NOT NULL,
  `Learning_Style_Center` double NOT NULL,
  `Algorithm_Score_Center` double NOT NULL,
  `Data_Structure_Score_Center` double NOT NULL,
  `Programming_Score_Center` double NOT NULL,
  `Mathematic_Score_Center` double NOT NULL,
  `Language_Score_Center` double NOT NULL,
  `Communication_Score_Center` double NOT NULL,
  `Problem_Solving_Score_Center` double NOT NULL,
  `Self_Motivation_Score_Center` double NOT NULL,
  `Create_At` timestamp NOT NULL DEFAULT CURRENT_TIMESTAMP,
  `Update_At` timestamp NOT NULL DEFAULT CURRENT_TIMESTAMP,
  `Admin_ID` int(11) NOT NULL
) ENGINE=InnoDB DEFAULT CHARSET=utf8;

--
-- Dumping data for table `Study_Cluster`
--

INSERT INTO `Study_Cluster` (`Study_Cluster_ID`, `MBTI_Center`, `Learning_Style_Center`, `Algorithm_Score_Center`, `Data_Structure_Score_Center`, `Programming_Score_Center`, `Mathematic_Score_Center`, `Language_Score_Center`, `Communication_Score_Center`, `Problem_Solving_Score_Center`, `Self_Motivation_Score_Center`, `Create_At`, `Update_At`, `Admin_ID`) VALUES
(0, 6.375, 3, 82.5, 93.125, 97.5, 83.125, 91.25, 89.375, 84.375, 71.875, '2020-11-18 08:19:26', '2020-12-04 10:14:47', 3),
(1, 6, 3.142857142857143, 12.857142857142854, 20.714285714285715, 28.571428571428577, 19.999999999999996, 30.714285714285715, 28.571428571428562, 37.14285714285715, 47.857142857142854, '2020-11-18 08:19:48', '2020-12-04 10:14:47', 3),
(2, 5.875, 3.625, 19.374999999999996, 26.875, 37.50000000000001, 30.624999999999996, 79.375, 86.875, 67.5, 68.125, '2020-11-18 08:23:49', '2020-12-04 10:14:48', 3),
(3, 8.555555555555555, 3.4444444444444446, 55.55555555555556, 73.88888888888889, 83.88888888888889, 47.22222222222222, 60.55555555555556, 57.77777777777778, 73.88888888888889, 63.333333333333336, '2020-11-18 08:23:57', '2020-12-04 10:14:48', 3),
(4, 5.5, 3.1666666666666665, 45.833333333333336, 58.75, 82.08333333333333, 42.5, 90, 84.58333333333333, 70.83333333333333, 65.41666666666667, '2020-11-18 08:24:03', '2020-12-04 10:14:48', 3);

-- --------------------------------------------------------

--
-- Table structure for table `User_Activity_Status_History`
--

CREATE TABLE `User_Activity_Status_History` (
  `History_ID` int(11) NOT NULL,
  `User_ID` int(11) NOT NULL,
  `Activity_ID` int(11) NOT NULL,
  `Status_ID` int(11) NOT NULL,
  `Update_At` timestamp NOT NULL DEFAULT CURRENT_TIMESTAMP ON UPDATE CURRENT_TIMESTAMP
) ENGINE=InnoDB DEFAULT CHARSET=utf8;

--
-- Dumping data for table `User_Activity_Status_History`
--

INSERT INTO `User_Activity_Status_History` (`History_ID`, `User_ID`, `Activity_ID`, `Status_ID`, `Update_At`) VALUES
(1, 5, 13, 1, '2020-10-17 07:22:50'),
(2, 3, 81, 3, '2020-02-17 07:22:50'),
(3, 1, 7, 1, '2020-03-07 07:22:50'),
(4, 29, 46, 3, '2020-07-24 07:22:50'),
(5, 27, 29, 2, '2020-10-22 07:22:50'),
(6, 31, 42, 1, '2020-10-17 07:22:50'),
(7, 10, 78, 1, '2020-01-14 07:22:50'),
(8, 18, 13, 3, '2020-03-23 07:22:50'),
(9, 38, 67, 1, '2020-03-18 07:22:50'),
(10, 23, 36, 3, '2020-10-18 07:22:50'),
(11, 23, 1, 2, '2020-02-13 07:22:50'),
(12, 41, 72, 1, '2020-09-19 07:22:50'),
(13, 23, 66, 2, '2020-02-28 07:22:50'),
(14, 30, 32, 3, '2020-03-07 07:22:50'),
(15, 7, 75, 1, '2020-06-20 07:22:50'),
(16, 13, 83, 3, '2020-11-23 07:22:50'),
(17, 12, 80, 2, '2020-12-03 07:22:50'),
(18, 33, 28, 1, '2020-11-29 07:22:50'),
(19, 6, 58, 3, '2020-12-09 07:22:50'),
(20, 27, 71, 3, '2020-12-11 07:22:50'),
(21, 1, 74, 1, '2020-07-08 07:22:50'),
(22, 20, 38, 1, '2020-10-15 07:22:50'),
(23, 4, 30, 3, '2020-01-04 07:22:50'),
(24, 10, 22, 1, '2020-06-02 07:22:50'),
(25, 16, 45, 2, '2020-09-18 07:22:50'),
(26, 2, 31, 1, '2020-09-21 07:22:50'),
(27, 6, 4, 3, '2020-06-06 07:22:50'),
(28, 29, 61, 1, '2020-02-01 07:22:50'),
(29, 8, 1, 2, '2020-01-29 07:22:50'),
(30, 4, 70, 1, '2020-02-21 07:22:50'),
(31, 37, 80, 2, '2020-01-13 07:22:50'),
(32, 24, 41, 2, '2020-02-11 07:22:50'),
(33, 19, 40, 3, '2020-05-30 07:22:50'),
(34, 22, 55, 3, '2020-07-19 07:22:50'),
(35, 28, 44, 1, '2020-12-26 07:22:50'),
(36, 1, 75, 2, '2020-08-17 07:22:50'),
(37, 11, 42, 2, '2020-07-23 07:22:50'),
(38, 19, 13, 2, '2020-09-12 07:22:50'),
(39, 44, 76, 2, '2020-04-13 07:22:50'),
(40, 30, 52, 1, '2020-01-19 07:22:50'),
(41, 29, 40, 3, '2020-07-13 07:22:50'),
(42, 21, 38, 2, '2020-04-12 07:22:50'),
(43, 10, 73, 2, '2020-04-20 07:22:50'),
(44, 11, 70, 2, '2020-06-28 07:22:50'),
(45, 15, 7, 3, '2020-02-02 07:22:50'),
(46, 11, 41, 2, '2020-06-26 07:22:50'),
(47, 27, 51, 2, '2020-02-20 07:22:50'),
(48, 9, 56, 1, '2020-08-05 07:22:50'),
(49, 35, 59, 3, '2020-08-17 07:22:50'),
(50, 23, 27, 3, '2020-01-14 07:22:50'),
(51, 14, 68, 2, '2020-08-24 07:22:50'),
(52, 24, 19, 2, '2020-12-17 07:22:50'),
(53, 17, 32, 1, '2020-11-18 07:22:50'),
(54, 33, 23, 1, '2020-01-30 07:22:50'),
(55, 43, 45, 1, '2020-06-24 07:22:50'),
(56, 31, 17, 3, '2020-12-07 07:22:50'),
(57, 22, 57, 3, '2020-03-22 07:22:50'),
(58, 5, 24, 3, '2020-05-27 07:22:50'),
(59, 6, 15, 1, '2020-10-11 07:22:50'),
(60, 37, 56, 3, '2020-02-20 07:22:50'),
(61, 8, 20, 3, '2020-09-18 07:22:50'),
(62, 41, 19, 1, '2020-12-20 07:22:50'),
(63, 14, 5, 1, '2020-11-02 07:22:50'),
(64, 38, 15, 2, '2020-06-17 07:22:50'),
(65, 29, 65, 2, '2020-02-09 07:22:50'),
(66, 8, 55, 2, '2020-01-17 07:22:50'),
(67, 11, 47, 3, '2020-09-10 07:22:50'),
(68, 42, 81, 1, '2020-06-11 07:22:50'),
(69, 21, 2, 2, '2020-08-05 07:22:50'),
(70, 1, 69, 1, '2020-03-01 07:22:50'),
(71, 44, 63, 2, '2020-03-22 07:22:50'),
(72, 18, 76, 2, '2020-10-29 07:22:50'),
(73, 11, 31, 2, '2020-07-22 07:22:50'),
(74, 33, 52, 2, '2020-03-04 07:22:50'),
(75, 30, 48, 1, '2020-01-04 07:22:50'),
(76, 44, 30, 2, '2020-04-30 07:22:50'),
(77, 24, 8, 3, '2020-03-05 07:22:50'),
(78, 20, 76, 1, '2020-04-27 07:22:50'),
(79, 13, 46, 1, '2020-10-27 07:22:50'),
(80, 24, 57, 2, '2020-09-14 07:22:50'),
(81, 1, 60, 2, '2020-11-14 07:22:50'),
(82, 31, 79, 1, '2020-04-28 07:22:50'),
(83, 6, 21, 1, '2020-08-08 07:22:50'),
(84, 26, 35, 2, '2020-05-06 07:22:50'),
(85, 43, 67, 1, '2020-06-30 07:22:50'),
(86, 22, 5, 2, '2020-02-22 07:22:50'),
(87, 24, 62, 2, '2020-08-08 07:22:50'),
(88, 16, 39, 3, '2020-09-23 07:22:50'),
(89, 11, 50, 1, '2020-05-05 07:22:50'),
(90, 23, 27, 3, '2020-04-21 07:22:50'),
(91, 43, 43, 2, '2020-04-14 07:22:50'),
(92, 15, 14, 1, '2020-11-19 07:22:50'),
(93, 24, 66, 1, '2020-12-19 07:22:50'),
(94, 18, 73, 1, '2020-05-30 07:22:50'),
(95, 40, 63, 2, '2020-07-11 07:22:50'),
(96, 5, 80, 3, '2020-10-20 07:22:50'),
(97, 18, 43, 3, '2020-08-19 07:22:50'),
(98, 6, 72, 3, '2020-01-06 07:22:50'),
(99, 40, 18, 2, '2020-02-01 07:22:50'),
(100, 12, 28, 3, '2020-05-20 07:22:50'),
(101, 28, 21, 3, '2020-08-10 07:22:50'),
(102, 11, 14, 1, '2020-01-22 07:22:50'),
(103, 44, 4, 3, '2020-04-13 07:22:50'),
(104, 10, 64, 2, '2020-07-13 07:22:50'),
(105, 20, 42, 3, '2020-01-26 07:22:50'),
(106, 42, 14, 1, '2020-11-09 07:22:50'),
(107, 22, 55, 2, '2020-03-29 07:22:50'),
(108, 34, 25, 2, '2020-11-21 07:22:50'),
(109, 40, 17, 1, '2020-12-10 07:22:50'),
(110, 7, 34, 1, '2020-12-10 07:22:50'),
(111, 5, 55, 1, '2020-12-22 07:22:50'),
(112, 14, 70, 2, '2020-10-01 07:22:50'),
(113, 17, 9, 1, '2020-05-15 07:22:50'),
(114, 13, 31, 1, '2020-05-28 07:22:50'),
(115, 33, 52, 2, '2020-10-10 07:22:50'),
(116, 42, 58, 2, '2020-10-24 07:22:50'),
(117, 27, 71, 2, '2020-04-07 07:22:50'),
(118, 18, 74, 3, '2020-10-27 07:22:50'),
(119, 12, 1, 2, '2020-06-18 07:22:50'),
(120, 13, 41, 3, '2020-10-03 07:22:50'),
(121, 30, 40, 2, '2020-03-19 07:22:50'),
(122, 2, 78, 3, '2020-05-03 07:22:50'),
(123, 23, 65, 2, '2020-03-20 07:22:50'),
(124, 19, 5, 2, '2020-06-09 07:22:50'),
(125, 41, 34, 3, '2020-12-22 07:22:50'),
(126, 10, 51, 3, '2020-03-17 07:22:50'),
(127, 19, 79, 2, '2020-02-25 07:22:50'),
(128, 37, 33, 2, '2020-11-26 07:22:50'),
(129, 21, 2, 1, '2020-04-03 07:22:50'),
(130, 12, 82, 2, '2020-11-11 07:22:50'),
(131, 21, 55, 3, '2020-08-02 07:22:50'),
(132, 28, 40, 1, '2020-06-22 07:22:50'),
(133, 1, 83, 2, '2020-12-21 07:22:50'),
(134, 18, 52, 2, '2020-10-15 07:22:50'),
(135, 27, 62, 2, '2020-01-04 07:22:50'),
(136, 7, 34, 3, '2020-11-22 07:22:50'),
(137, 4, 85, 1, '2020-03-23 07:22:50'),
(138, 16, 33, 1, '2020-08-20 07:22:50'),
(139, 16, 63, 2, '2020-01-13 07:22:50'),
(140, 7, 55, 3, '2020-02-06 07:22:50'),
(141, 16, 12, 2, '2020-11-15 07:22:50'),
(142, 5, 33, 2, '2020-01-06 07:22:50'),
(143, 18, 57, 1, '2020-05-23 07:22:50'),
(144, 26, 69, 2, '2020-07-26 07:22:50'),
(145, 22, 29, 1, '2020-04-13 07:22:50'),
(146, 18, 61, 2, '2020-05-28 07:22:50'),
(147, 26, 66, 2, '2020-03-21 07:22:50'),
(148, 9, 82, 1, '2020-01-22 07:22:50'),
(149, 16, 17, 3, '2020-07-18 07:22:50'),
(150, 25, 16, 1, '2020-01-05 07:22:50'),
(151, 23, 58, 1, '2020-08-21 07:22:50'),
(152, 5, 68, 3, '2020-06-29 07:22:50'),
(153, 7, 43, 3, '2020-04-19 07:22:50'),
(154, 21, 5, 2, '2020-09-19 07:22:50'),
(155, 44, 38, 1, '2020-03-16 07:22:50'),
(156, 15, 74, 2, '2020-03-18 07:22:50'),
(157, 31, 4, 1, '2020-10-01 07:22:50'),
(158, 2, 34, 1, '2020-08-07 07:22:50'),
(159, 7, 80, 2, '2020-12-26 07:22:50'),
(160, 22, 79, 1, '2020-07-02 07:22:50'),
(161, 43, 34, 1, '2020-08-11 07:22:50'),
(162, 14, 52, 2, '2020-12-22 07:22:50'),
(163, 15, 81, 1, '2020-08-20 07:22:50'),
(164, 15, 5, 2, '2020-09-16 07:22:50'),
(165, 4, 3, 3, '2020-11-16 07:22:50'),
(166, 22, 17, 1, '2020-05-15 07:22:50'),
(167, 31, 67, 1, '2020-12-24 07:22:50'),
(168, 26, 4, 3, '2020-01-26 07:22:50'),
(169, 32, 36, 3, '2020-06-08 07:22:50'),
(170, 3, 77, 1, '2020-08-11 07:22:50'),
(171, 15, 3, 2, '2020-05-09 07:22:50'),
(172, 6, 43, 3, '2020-08-15 07:22:50'),
(173, 39, 57, 2, '2020-11-12 07:22:50'),
(174, 16, 23, 2, '2020-09-18 07:22:50'),
(175, 35, 36, 2, '2020-01-30 07:22:50'),
(176, 11, 8, 1, '2020-09-29 07:22:50'),
(177, 33, 79, 2, '2020-06-23 07:22:50'),
(178, 11, 31, 3, '2020-08-20 07:22:50'),
(179, 14, 43, 3, '2020-07-17 07:22:50'),
(180, 32, 27, 2, '2020-04-13 07:22:50'),
(181, 8, 4, 3, '2020-01-21 07:22:50'),
(182, 21, 85, 3, '2020-05-25 07:22:50'),
(183, 23, 34, 1, '2020-02-26 07:22:50'),
(184, 39, 79, 3, '2020-03-15 07:22:50'),
(185, 28, 21, 3, '2020-08-15 07:22:50'),
(186, 14, 36, 3, '2020-09-03 07:22:50'),
(187, 11, 13, 2, '2020-12-18 07:22:50'),
(188, 7, 77, 2, '2020-07-01 07:22:50'),
(189, 43, 21, 2, '2020-11-19 07:22:50'),
(190, 12, 55, 1, '2020-08-05 07:22:50'),
(191, 25, 31, 3, '2020-10-16 07:22:50'),
(192, 12, 48, 2, '2020-08-18 07:22:50'),
(193, 38, 65, 1, '2020-09-24 07:22:50'),
(194, 27, 34, 1, '2020-10-01 07:22:50'),
(195, 20, 28, 2, '2020-04-01 07:22:50'),
(196, 32, 21, 2, '2020-11-25 07:22:50'),
(197, 6, 35, 1, '2020-04-28 07:22:50'),
(198, 2, 34, 2, '2020-08-22 07:22:50'),
(199, 23, 25, 1, '2020-01-28 07:22:50'),
(200, 7, 5, 1, '2020-10-22 07:22:50'),
(201, 10, 80, 1, '2020-06-02 07:22:50'),
(202, 28, 48, 1, '2020-03-27 07:22:50'),
(203, 25, 20, 2, '2020-02-10 07:22:50'),
(204, 9, 74, 1, '2020-08-19 07:22:50'),
(205, 20, 40, 3, '2020-06-29 07:22:50'),
(206, 18, 85, 3, '2020-06-23 07:22:50'),
(207, 39, 16, 2, '2020-10-11 07:22:50'),
(208, 17, 44, 1, '2020-09-06 07:22:50'),
(209, 10, 56, 3, '2020-07-01 07:22:50'),
(210, 32, 22, 2, '2020-07-17 07:22:50'),
(211, 17, 29, 2, '2020-01-21 07:22:50'),
(212, 36, 8, 1, '2020-12-12 07:22:50'),
(213, 43, 22, 3, '2020-03-05 07:22:50'),
(214, 28, 37, 2, '2020-08-20 07:22:50'),
(215, 34, 61, 1, '2020-02-18 07:22:50'),
(216, 2, 76, 3, '2020-12-23 07:22:50'),
(217, 44, 36, 3, '2020-12-26 07:22:50'),
(218, 38, 43, 2, '2020-05-24 07:22:50'),
(219, 38, 34, 2, '2020-11-15 07:22:50'),
(220, 10, 37, 3, '2020-07-03 07:22:50'),
(221, 25, 66, 3, '2020-06-12 07:22:50'),
(222, 26, 23, 3, '2020-06-27 07:22:50'),
(223, 29, 41, 1, '2020-04-25 07:22:50'),
(224, 26, 78, 1, '2020-02-26 07:22:50'),
(225, 27, 59, 1, '2020-01-06 07:22:50'),
(226, 31, 69, 2, '2020-03-29 07:22:50'),
(227, 5, 18, 2, '2020-12-13 07:22:50'),
(228, 13, 60, 1, '2020-10-26 07:22:50'),
(229, 6, 80, 3, '2020-07-16 07:22:50'),
(230, 25, 29, 3, '2020-02-28 07:22:50'),
(231, 10, 7, 2, '2020-03-24 07:22:50'),
(232, 40, 51, 2, '2020-04-21 07:22:50'),
(233, 23, 32, 2, '2020-03-07 07:22:50'),
(234, 21, 28, 1, '2020-03-28 07:22:50'),
(235, 12, 52, 2, '2020-09-17 07:22:50'),
(236, 44, 79, 2, '2020-09-28 07:22:50'),
(237, 44, 18, 2, '2020-12-09 07:22:50'),
(238, 43, 48, 1, '2020-02-01 07:22:50'),
(239, 22, 50, 1, '2020-05-16 07:22:50'),
(240, 19, 9, 3, '2020-09-10 07:22:50'),
(241, 25, 30, 1, '2020-01-30 07:22:50'),
(242, 36, 60, 3, '2020-05-08 07:22:50'),
(243, 24, 16, 1, '2020-12-17 07:22:50'),
(244, 36, 39, 1, '2020-04-06 07:22:50'),
(245, 23, 27, 2, '2020-12-15 07:22:50'),
(246, 1, 41, 3, '2020-11-14 07:22:50'),
(247, 9, 40, 1, '2020-11-26 07:22:50'),
(248, 30, 31, 1, '2020-09-02 07:22:50'),
(249, 41, 80, 1, '2020-07-04 07:22:50'),
(250, 19, 81, 1, '2020-12-03 07:22:50'),
(251, 9, 40, 1, '2020-09-11 07:22:50'),
(252, 28, 11, 3, '2020-03-17 07:22:50'),
(253, 20, 52, 1, '2020-10-01 07:22:50'),
(254, 5, 47, 3, '2020-01-09 07:22:50'),
(255, 14, 9, 2, '2020-08-02 07:22:50'),
(256, 40, 14, 1, '2020-12-03 07:22:50'),
(257, 5, 43, 2, '2020-01-02 07:22:50'),
(258, 20, 82, 1, '2020-01-22 07:22:50'),
(259, 24, 36, 2, '2020-03-16 07:22:50'),
(260, 13, 59, 1, '2020-08-15 07:22:50'),
(261, 41, 45, 2, '2020-10-21 07:22:50'),
(262, 19, 83, 2, '2020-04-14 07:22:50'),
(263, 3, 61, 2, '2020-01-23 07:22:50'),
(264, 16, 74, 1, '2020-07-12 07:22:50'),
(265, 40, 54, 1, '2020-09-14 07:22:50'),
(266, 17, 43, 2, '2020-01-18 07:22:50'),
(267, 10, 67, 1, '2020-12-06 07:22:50'),
(268, 17, 4, 1, '2020-05-02 07:22:50'),
(269, 44, 66, 3, '2020-01-05 07:22:50'),
(270, 36, 62, 1, '2020-07-06 07:22:50'),
(271, 4, 28, 2, '2020-10-21 07:22:50'),
(272, 28, 33, 3, '2020-01-09 07:22:50'),
(273, 37, 49, 1, '2020-06-12 07:22:50'),
(274, 38, 73, 3, '2020-10-11 07:22:50'),
(275, 4, 85, 2, '2020-03-14 07:22:50'),
(276, 29, 50, 1, '2020-09-20 07:22:50'),
(277, 9, 39, 2, '2020-06-03 07:22:50'),
(278, 10, 36, 1, '2020-06-05 07:22:50'),
(279, 22, 67, 2, '2020-04-27 07:22:50'),
(280, 23, 31, 1, '2020-08-22 07:22:50'),
(281, 8, 54, 2, '2020-06-21 07:22:50'),
(282, 42, 59, 2, '2020-12-13 07:22:50'),
(283, 22, 60, 2, '2020-05-24 07:22:50'),
(284, 35, 77, 2, '2020-01-05 07:22:50'),
(285, 26, 35, 3, '2020-10-03 07:22:50'),
(286, 4, 77, 3, '2020-01-10 07:22:50'),
(287, 18, 12, 2, '2020-12-16 07:22:50'),
(288, 26, 7, 1, '2020-01-02 07:22:50'),
(289, 37, 49, 3, '2020-06-12 07:22:50'),
(290, 42, 20, 2, '2020-12-11 07:22:50'),
(291, 16, 30, 3, '2020-03-27 07:22:50'),
(292, 22, 27, 1, '2020-05-17 07:22:50'),
(293, 40, 21, 3, '2020-10-02 07:22:50'),
(294, 29, 69, 2, '2020-07-09 07:22:50'),
(295, 21, 77, 2, '2020-03-11 07:22:50'),
(296, 3, 63, 2, '2020-03-24 07:22:50'),
(297, 3, 70, 2, '2020-02-12 07:22:50'),
(298, 16, 28, 2, '2020-09-12 07:22:50'),
(299, 16, 21, 2, '2020-05-17 07:22:50'),
(300, 10, 1, 3, '2020-11-22 07:22:50'),
(301, 43, 54, 1, '2020-10-08 07:22:50'),
(302, 18, 42, 1, '2020-04-20 07:22:50'),
(303, 27, 53, 3, '2020-07-20 07:22:50'),
(304, 6, 84, 1, '2020-07-05 07:22:50'),
(305, 38, 26, 3, '2020-11-01 07:22:50'),
(306, 36, 76, 1, '2020-08-20 07:22:50'),
(307, 6, 71, 2, '2020-10-26 07:22:50'),
(308, 23, 6, 2, '2020-11-07 07:22:50'),
(309, 38, 85, 2, '2020-03-03 07:22:50'),
(310, 3, 43, 1, '2020-07-18 07:22:50'),
(311, 26, 49, 1, '2020-01-21 07:22:50'),
(312, 18, 56, 3, '2020-05-15 07:22:50'),
(313, 3, 65, 3, '2020-07-22 07:22:50'),
(314, 20, 20, 2, '2020-02-09 07:22:50'),
(315, 22, 34, 1, '2020-03-16 07:22:50'),
(316, 26, 53, 3, '2020-10-10 07:22:50'),
(317, 22, 79, 1, '2020-04-27 07:22:50'),
(318, 33, 13, 2, '2020-02-19 07:22:50'),
(319, 20, 12, 2, '2020-02-27 07:22:50'),
(320, 29, 22, 3, '2020-06-16 07:22:50'),
(321, 29, 23, 2, '2020-02-27 07:22:50'),
(322, 10, 52, 1, '2020-10-15 07:22:50'),
(323, 7, 44, 1, '2020-07-27 07:22:50'),
(324, 10, 33, 1, '2020-01-26 07:22:50'),
(325, 36, 78, 3, '2020-05-30 07:22:50'),
(326, 27, 60, 2, '2020-08-24 07:22:50'),
(327, 30, 23, 2, '2020-08-19 07:22:50'),
(328, 31, 76, 1, '2020-01-01 07:22:50'),
(329, 43, 58, 3, '2020-03-13 07:22:50'),
(330, 9, 32, 1, '2020-08-15 07:22:50'),
(331, 9, 12, 3, '2020-04-01 07:22:50'),
(332, 6, 72, 2, '2020-02-13 07:22:50'),
(333, 7, 29, 3, '2020-09-16 07:22:50'),
(334, 13, 11, 1, '2020-09-20 07:22:50'),
(335, 11, 15, 1, '2020-11-11 07:22:50'),
(336, 14, 52, 1, '2020-09-29 07:22:50'),
(337, 1, 13, 3, '2020-12-19 07:22:50'),
(338, 14, 55, 1, '2020-09-14 07:22:50'),
(339, 9, 15, 2, '2020-07-05 07:22:50'),
(340, 37, 31, 2, '2020-02-22 07:22:50'),
(341, 5, 36, 3, '2020-04-23 07:22:50'),
(342, 40, 22, 2, '2020-09-14 07:22:50'),
(343, 21, 49, 3, '2020-11-08 07:22:50'),
(344, 6, 31, 2, '2020-02-28 07:22:50'),
(345, 40, 6, 2, '2020-01-23 07:22:50'),
(346, 43, 61, 1, '2020-03-29 07:22:50'),
(347, 26, 52, 1, '2020-03-01 07:22:50'),
(348, 41, 16, 2, '2020-06-26 07:22:50'),
(349, 44, 8, 3, '2020-08-11 07:22:50'),
(350, 37, 46, 3, '2020-12-01 07:22:50'),
(351, 34, 73, 1, '2020-07-19 07:22:50'),
(352, 27, 5, 3, '2020-07-06 07:22:50'),
(353, 33, 31, 3, '2020-07-17 07:22:50'),
(354, 28, 37, 3, '2020-09-04 07:22:50'),
(355, 39, 6, 2, '2020-03-09 07:22:50'),
(356, 28, 79, 2, '2020-04-18 07:22:50'),
(357, 34, 11, 2, '2020-10-03 07:22:50'),
(358, 44, 16, 2, '2020-02-19 07:22:50'),
(359, 32, 78, 1, '2020-06-17 07:22:50'),
(360, 18, 39, 1, '2020-04-26 07:22:50'),
(361, 41, 70, 2, '2020-04-21 07:22:50'),
(362, 12, 11, 2, '2020-03-14 07:22:50'),
(363, 10, 52, 1, '2020-08-09 07:22:50'),
(364, 33, 24, 1, '2020-04-04 07:22:50'),
(365, 31, 24, 1, '2020-10-06 07:22:50'),
(366, 13, 49, 2, '2020-10-22 07:22:50'),
(367, 1, 2, 3, '2020-04-09 07:22:50'),
(368, 17, 5, 2, '2020-06-24 07:22:50'),
(369, 43, 78, 2, '2020-05-09 07:22:50'),
(370, 4, 10, 3, '2020-11-02 07:22:50'),
(371, 25, 51, 3, '2020-03-06 07:22:50'),
(372, 26, 6, 3, '2020-08-28 07:22:50'),
(373, 23, 3, 1, '2020-02-11 07:22:50'),
(374, 31, 11, 2, '2020-08-14 07:22:50'),
(375, 16, 76, 2, '2020-01-15 07:22:50'),
(376, 40, 14, 3, '2020-11-08 07:22:50'),
(377, 7, 11, 1, '2020-08-09 07:22:50'),
(378, 11, 64, 1, '2020-10-07 07:22:50'),
(379, 9, 79, 3, '2020-08-03 07:22:50'),
(380, 7, 20, 1, '2020-06-09 07:22:50'),
(381, 23, 64, 1, '2020-10-26 07:22:50'),
(382, 13, 14, 1, '2020-03-03 07:22:50'),
(383, 40, 57, 2, '2020-06-23 07:22:50'),
(384, 29, 48, 2, '2020-01-10 07:22:50'),
(385, 10, 74, 2, '2020-10-09 07:22:50'),
(386, 12, 8, 2, '2020-09-29 07:22:50'),
(387, 1, 49, 1, '2020-12-03 07:22:50'),
(388, 21, 61, 1, '2020-03-18 07:22:50'),
(389, 35, 66, 2, '2020-03-02 07:22:50'),
(390, 3, 81, 3, '2020-03-14 07:22:50'),
(391, 42, 71, 2, '2020-11-22 07:22:50'),
(392, 23, 46, 3, '2020-01-09 07:22:50'),
(393, 43, 31, 1, '2020-04-05 07:22:50'),
(394, 21, 49, 2, '2020-06-25 07:22:50'),
(395, 3, 36, 1, '2020-11-16 07:22:50'),
(396, 24, 26, 2, '2020-04-23 07:22:50'),
(397, 5, 33, 3, '2020-04-28 07:22:50'),
(398, 36, 38, 1, '2020-05-19 07:22:50'),
(399, 38, 75, 3, '2020-06-15 07:22:50'),
(400, 22, 13, 3, '2020-10-05 07:22:50'),
(401, 8, 5, 2, '2020-02-13 07:22:50'),
(402, 29, 36, 3, '2020-06-13 07:22:50'),
(403, 4, 50, 2, '2020-05-15 07:22:50'),
(404, 33, 66, 3, '2020-01-28 07:22:50'),
(405, 5, 21, 2, '2020-03-15 07:22:50'),
(406, 33, 1, 2, '2020-12-10 07:22:50'),
(407, 31, 8, 3, '2020-12-07 07:22:50'),
(408, 29, 24, 1, '2020-04-28 07:22:50'),
(409, 21, 78, 1, '2020-06-18 07:22:50'),
(410, 24, 79, 1, '2020-12-25 07:22:50'),
(411, 37, 81, 3, '2020-12-04 07:22:50'),
(412, 7, 40, 3, '2020-05-28 07:22:50'),
(413, 8, 35, 3, '2020-07-28 07:22:50'),
(414, 18, 29, 2, '2020-04-04 07:22:50'),
(415, 25, 14, 1, '2020-11-12 07:22:50'),
(416, 22, 59, 2, '2020-02-12 07:22:50'),
(417, 9, 56, 1, '2020-12-28 07:22:50'),
(418, 24, 65, 2, '2020-05-22 07:22:50'),
(419, 35, 21, 2, '2020-11-19 07:22:50'),
(420, 9, 37, 3, '2020-10-14 07:22:50'),
(421, 18, 75, 3, '2020-05-26 07:22:50'),
(422, 23, 25, 1, '2020-12-12 07:22:50'),
(423, 34, 37, 3, '2020-02-19 07:22:50'),
(424, 42, 2, 1, '2020-11-08 07:22:50'),
(425, 1, 68, 3, '2020-09-23 07:22:50'),
(426, 41, 14, 3, '2020-03-18 07:22:50'),
(427, 39, 19, 3, '2020-07-28 07:22:50'),
(428, 41, 14, 2, '2020-09-01 07:22:50'),
(429, 25, 14, 3, '2020-03-16 07:22:50'),
(430, 9, 82, 1, '2020-08-27 07:22:50'),
(431, 15, 44, 3, '2020-03-21 07:22:50'),
(432, 6, 8, 1, '2020-07-17 07:22:50'),
(433, 28, 57, 1, '2020-01-12 07:22:50'),
(434, 40, 57, 1, '2020-08-02 07:22:50'),
(435, 17, 5, 3, '2020-12-19 07:22:50'),
(436, 34, 20, 3, '2020-09-07 07:22:50'),
(437, 8, 62, 2, '2020-03-22 07:22:50'),
(438, 21, 7, 1, '2020-07-11 07:22:50'),
(439, 5, 6, 1, '2020-04-07 07:22:50'),
(440, 20, 67, 2, '2020-11-19 07:22:50'),
(441, 23, 3, 2, '2020-01-26 07:22:50'),
(442, 38, 74, 3, '2020-04-15 07:22:50'),
(443, 2, 42, 1, '2020-06-04 07:22:50'),
(444, 1, 1, 3, '2020-05-28 07:22:50'),
(445, 35, 77, 1, '2020-09-28 07:22:50'),
(446, 34, 68, 1, '2020-03-06 07:22:50'),
(447, 29, 34, 1, '2020-05-30 07:22:50'),
(448, 19, 1, 2, '2020-06-26 07:22:50'),
(449, 34, 3, 1, '2020-05-14 07:22:50'),
(450, 1, 11, 1, '2020-06-16 07:22:50'),
(451, 33, 36, 3, '2020-09-25 07:22:50'),
(452, 14, 22, 3, '2020-09-28 07:22:50'),
(453, 15, 7, 3, '2020-11-11 07:22:50'),
(454, 10, 40, 1, '2020-05-04 07:22:50'),
(455, 2, 79, 3, '2020-08-23 07:22:50'),
(456, 12, 10, 1, '2020-12-06 07:22:50'),
(457, 23, 25, 3, '2020-08-14 07:22:50'),
(458, 44, 16, 1, '2020-09-18 07:22:50'),
(459, 29, 83, 1, '2020-11-04 07:22:50'),
(460, 26, 7, 3, '2020-04-17 07:22:50'),
(461, 6, 45, 1, '2020-05-06 07:22:50'),
(462, 38, 43, 3, '2020-11-27 07:22:50'),
(463, 25, 34, 3, '2020-07-25 07:22:50'),
(464, 44, 14, 3, '2020-11-07 07:22:50'),
(465, 8, 44, 3, '2020-08-14 07:22:50'),
(466, 40, 14, 3, '2020-11-26 07:22:50'),
(467, 37, 42, 1, '2020-01-13 07:22:50'),
(468, 24, 50, 1, '2020-05-02 07:22:50'),
(469, 26, 77, 3, '2020-06-03 07:22:50'),
(470, 28, 76, 1, '2020-10-29 07:22:50'),
(471, 17, 20, 3, '2020-12-22 07:22:50'),
(472, 33, 60, 3, '2020-11-28 07:22:50'),
(473, 30, 22, 1, '2020-06-22 07:22:50'),
(474, 11, 84, 2, '2020-08-22 07:22:50'),
(475, 9, 25, 1, '2020-04-30 07:22:50'),
(476, 29, 85, 2, '2020-07-11 07:22:50'),
(477, 12, 7, 3, '2020-03-02 07:22:50'),
(478, 9, 7, 1, '2020-08-02 07:22:50'),
(479, 39, 30, 2, '2020-11-01 07:22:50'),
(480, 1, 33, 2, '2020-02-09 07:22:50'),
(481, 13, 59, 1, '2020-01-22 07:22:50'),
(482, 42, 62, 2, '2020-11-21 07:22:50'),
(483, 4, 43, 2, '2020-09-11 07:22:50'),
(484, 8, 61, 2, '2020-07-04 07:22:50'),
(485, 36, 79, 3, '2020-09-19 07:22:50'),
(486, 30, 47, 1, '2020-04-29 07:22:50'),
(487, 10, 17, 3, '2020-09-03 07:22:50'),
(488, 17, 53, 3, '2020-07-01 07:22:50'),
(489, 32, 59, 2, '2020-01-29 07:22:50'),
(490, 38, 11, 3, '2020-12-24 07:22:50'),
(491, 35, 16, 3, '2020-12-29 07:22:50'),
(492, 34, 43, 3, '2020-06-18 07:22:50'),
(493, 39, 45, 1, '2020-11-27 07:22:50'),
(494, 11, 64, 1, '2020-01-02 07:22:50'),
(495, 37, 9, 1, '2020-06-08 07:22:50'),
(496, 29, 45, 1, '2020-04-21 07:22:50'),
(497, 5, 36, 1, '2020-05-24 07:22:50'),
(498, 26, 16, 3, '2020-04-02 07:22:50'),
(499, 44, 36, 3, '2020-01-30 07:22:50'),
(500, 6, 65, 2, '2020-08-05 07:22:50'),
(501, 13, 61, 2, '2020-02-25 07:22:50'),
(502, 15, 48, 2, '2020-11-05 07:22:50'),
(503, 11, 73, 3, '2020-02-24 07:22:50'),
(504, 13, 68, 2, '2020-12-09 07:22:50'),
(505, 36, 27, 3, '2020-06-29 07:22:50'),
(506, 26, 74, 3, '2020-09-06 07:22:50'),
(507, 18, 44, 1, '2020-11-17 07:22:50'),
(508, 15, 48, 1, '2020-05-26 07:22:50'),
(509, 1, 78, 3, '2020-10-28 07:22:50'),
(510, 34, 25, 2, '2020-02-24 07:22:50'),
(511, 3, 24, 3, '2020-03-17 07:22:50'),
(512, 25, 17, 1, '2020-04-08 07:22:50'),
(513, 38, 63, 1, '2020-01-26 07:22:50'),
(514, 10, 28, 1, '2020-08-16 07:22:50'),
(515, 28, 84, 2, '2020-02-28 07:22:50'),
(516, 26, 74, 1, '2020-08-16 07:22:50'),
(517, 34, 63, 2, '2020-05-22 07:22:50'),
(518, 29, 43, 3, '2020-01-30 07:22:50'),
(519, 32, 11, 1, '2020-06-10 07:22:50'),
(520, 32, 8, 2, '2020-06-26 07:22:50'),
(521, 31, 50, 1, '2020-06-26 07:22:50'),
(522, 1, 28, 2, '2020-04-03 07:22:50'),
(523, 12, 72, 1, '2020-03-03 07:22:50'),
(524, 30, 77, 3, '2020-12-24 07:22:50'),
(525, 14, 32, 2, '2020-11-26 07:22:50'),
(526, 24, 33, 1, '2020-11-09 07:22:50'),
(527, 32, 33, 2, '2020-04-20 07:22:50'),
(528, 27, 84, 3, '2020-11-16 07:22:50'),
(529, 35, 30, 1, '2020-10-19 07:22:50'),
(530, 4, 17, 3, '2020-10-05 07:22:50'),
(531, 42, 39, 3, '2020-03-16 07:22:50'),
(532, 44, 27, 2, '2020-05-23 07:22:50'),
(533, 1, 36, 3, '2020-02-05 07:22:50'),
(534, 27, 29, 2, '2020-09-29 07:22:50'),
(535, 38, 82, 1, '2020-10-12 07:22:50'),
(536, 36, 47, 3, '2020-10-22 07:22:50'),
(537, 9, 7, 3, '2020-03-25 07:22:50'),
(538, 37, 13, 2, '2020-01-30 07:22:50'),
(539, 18, 41, 2, '2020-02-24 07:22:50'),
(540, 15, 6, 3, '2020-08-07 07:22:50'),
(541, 20, 74, 1, '2020-04-23 07:22:50'),
(542, 30, 47, 1, '2020-07-03 07:22:50'),
(543, 24, 21, 1, '2020-09-24 07:22:50'),
(544, 21, 59, 3, '2020-09-09 07:22:50'),
(545, 16, 46, 1, '2020-09-08 07:22:50'),
(546, 16, 28, 3, '2020-12-02 07:22:50'),
(547, 2, 66, 3, '2020-12-28 07:22:50'),
(548, 41, 4, 1, '2020-07-02 07:22:50'),
(549, 8, 59, 1, '2020-12-19 07:22:50'),
(550, 17, 49, 2, '2020-08-25 07:22:50'),
(551, 24, 13, 2, '2020-08-06 07:22:50'),
(552, 42, 44, 3, '2020-09-04 07:22:50'),
(553, 19, 26, 3, '2020-03-24 07:22:50'),
(554, 33, 31, 1, '2020-10-26 07:22:50'),
(555, 36, 29, 1, '2020-03-26 07:22:50'),
(556, 5, 76, 2, '2020-10-03 07:22:50'),
(557, 12, 17, 1, '2020-02-08 07:22:50'),
(558, 36, 42, 3, '2020-09-16 07:22:50'),
(559, 33, 62, 1, '2020-01-09 07:22:50'),
(560, 12, 54, 3, '2020-04-27 07:22:50'),
(561, 26, 68, 1, '2020-08-08 07:22:50'),
(562, 14, 17, 2, '2020-08-18 07:22:50'),
(563, 20, 48, 2, '2020-06-14 07:22:50'),
(564, 1, 81, 2, '2020-05-29 07:22:50'),
(565, 29, 49, 3, '2020-07-15 07:22:50'),
(566, 3, 34, 3, '2020-08-16 07:22:50'),
(567, 40, 47, 2, '2020-04-24 07:22:50'),
(568, 9, 36, 2, '2020-12-23 07:22:50'),
(569, 25, 27, 1, '2020-03-01 07:22:50'),
(570, 6, 53, 3, '2020-12-03 07:22:50'),
(571, 23, 7, 2, '2020-05-22 07:22:50'),
(572, 42, 66, 1, '2020-08-17 07:22:50'),
(573, 41, 12, 3, '2020-12-16 07:22:50'),
(574, 30, 27, 1, '2020-04-18 07:22:50'),
(575, 4, 12, 1, '2020-01-02 07:22:50'),
(576, 21, 55, 1, '2020-04-23 07:22:50'),
(577, 8, 22, 1, '2020-07-23 07:22:50'),
(578, 20, 32, 1, '2020-02-14 07:22:50'),
(579, 37, 42, 1, '2020-10-25 07:22:50'),
(580, 3, 4, 1, '2020-09-10 07:22:50'),
(581, 30, 65, 2, '2020-09-05 07:22:50'),
(582, 24, 71, 2, '2020-05-10 07:22:50'),
(583, 2, 14, 2, '2020-01-06 07:22:50'),
(584, 39, 21, 1, '2020-04-21 07:22:50'),
(585, 34, 64, 2, '2020-10-23 07:22:50'),
(586, 12, 61, 1, '2020-11-15 07:22:50'),
(587, 42, 41, 2, '2020-05-20 07:22:50'),
(588, 25, 58, 1, '2020-03-16 07:22:50'),
(589, 18, 20, 2, '2020-06-26 07:22:50'),
(590, 18, 27, 3, '2020-10-08 07:22:50'),
(591, 2, 67, 1, '2020-11-16 07:22:50'),
(592, 29, 32, 2, '2020-07-07 07:22:50'),
(593, 37, 41, 1, '2020-02-27 07:22:50'),
(594, 29, 65, 3, '2020-01-13 07:22:50'),
(595, 26, 17, 1, '2020-07-16 07:22:50'),
(596, 29, 49, 3, '2020-11-25 07:22:50'),
(597, 18, 13, 3, '2020-04-01 07:22:50'),
(598, 43, 3, 1, '2020-03-14 07:22:50'),
(599, 7, 53, 3, '2020-03-17 07:22:50'),
(600, 8, 85, 2, '2020-01-22 07:22:50'),
(601, 6, 27, 2, '2020-11-21 07:22:50'),
(602, 40, 7, 1, '2020-07-05 07:22:50'),
(603, 40, 7, 3, '2020-08-02 07:22:50'),
(604, 44, 51, 1, '2020-10-18 07:22:50'),
(605, 38, 15, 1, '2020-11-22 07:22:50'),
(606, 28, 81, 2, '2020-05-07 07:22:50'),
(607, 25, 20, 1, '2020-11-25 07:22:50'),
(608, 34, 4, 2, '2020-07-17 07:22:50'),
(609, 16, 31, 3, '2020-12-16 07:22:50'),
(610, 16, 46, 2, '2020-03-28 07:22:50'),
(611, 19, 55, 2, '2020-07-09 07:22:50'),
(612, 19, 32, 2, '2020-02-23 07:22:50'),
(613, 39, 45, 2, '2020-05-04 07:22:50'),
(614, 28, 36, 2, '2020-01-06 07:22:50'),
(615, 32, 81, 2, '2020-11-26 07:22:50'),
(616, 3, 59, 2, '2020-08-11 07:22:50'),
(617, 24, 68, 3, '2020-02-21 07:22:50'),
(618, 25, 24, 2, '2020-12-27 07:22:50'),
(619, 36, 8, 1, '2020-04-13 07:22:50'),
(620, 31, 40, 1, '2020-08-18 07:22:50'),
(621, 11, 36, 3, '2020-08-25 07:22:50'),
(622, 2, 49, 1, '2020-02-09 07:22:50'),
(623, 23, 84, 1, '2020-12-28 07:22:50'),
(624, 40, 81, 1, '2020-10-28 07:22:50'),
(625, 8, 18, 1, '2020-06-24 07:22:50'),
(626, 24, 63, 2, '2020-02-06 07:22:50'),
(627, 10, 64, 3, '2020-02-11 07:22:50'),
(628, 20, 63, 2, '2020-07-01 07:22:50'),
(629, 30, 48, 2, '2020-06-07 07:22:50'),
(630, 44, 72, 2, '2020-09-10 07:22:50'),
(631, 31, 13, 1, '2020-09-15 07:22:50'),
(632, 9, 76, 2, '2020-01-11 07:22:50'),
(633, 24, 73, 1, '2020-11-24 07:22:50'),
(634, 23, 15, 1, '2020-04-03 07:22:50'),
(635, 10, 51, 1, '2020-11-22 07:22:50'),
(636, 36, 39, 2, '2020-07-06 07:22:50'),
(637, 3, 13, 3, '2020-09-24 07:22:50'),
(638, 34, 82, 3, '2020-08-24 07:22:50'),
(639, 6, 50, 3, '2020-04-19 07:22:50'),
(640, 27, 27, 3, '2020-06-13 07:22:50'),
(641, 41, 72, 2, '2020-08-06 07:22:50'),
(642, 16, 65, 2, '2020-10-13 07:22:50'),
(643, 24, 84, 2, '2020-09-13 07:22:50'),
(644, 3, 49, 2, '2020-03-05 07:22:50'),
(645, 40, 32, 2, '2020-04-25 07:22:50'),
(646, 25, 52, 1, '2020-10-03 07:22:50'),
(647, 16, 74, 3, '2020-04-14 07:22:50'),
(648, 4, 21, 2, '2020-08-24 07:22:50'),
(649, 5, 63, 1, '2020-11-22 07:22:50'),
(650, 14, 73, 3, '2020-08-12 07:22:50'),
(651, 42, 51, 2, '2020-04-24 07:22:50'),
(652, 23, 2, 1, '2020-05-09 07:22:50'),
(653, 22, 52, 3, '2020-02-13 07:22:50'),
(654, 32, 74, 2, '2020-03-05 07:22:50'),
(655, 16, 45, 3, '2020-12-08 07:22:50'),
(656, 2, 39, 1, '2020-09-07 07:22:50'),
(657, 20, 39, 2, '2020-03-22 07:22:50'),
(658, 29, 79, 1, '2020-02-24 07:22:50'),
(659, 21, 10, 2, '2020-11-26 07:22:50'),
(660, 5, 6, 3, '2020-06-11 07:22:50'),
(661, 27, 44, 3, '2020-07-03 07:22:50'),
(662, 6, 35, 1, '2020-07-16 07:22:50'),
(663, 15, 81, 2, '2020-04-28 07:22:50'),
(664, 22, 18, 3, '2020-05-10 07:22:50'),
(665, 20, 2, 3, '2020-06-02 07:22:50'),
(666, 25, 80, 2, '2020-11-27 07:22:50'),
(667, 23, 56, 3, '2020-08-17 07:22:50'),
(668, 3, 18, 1, '2020-02-24 07:22:50'),
(669, 27, 24, 3, '2020-02-13 07:22:50'),
(670, 32, 41, 3, '2020-07-25 07:22:50'),
(671, 17, 18, 3, '2020-11-03 07:22:50'),
(672, 23, 61, 2, '2020-05-17 07:22:50'),
(673, 17, 12, 1, '2020-05-22 07:22:50'),
(674, 25, 32, 2, '2020-05-12 07:22:50'),
(675, 20, 59, 3, '2020-05-21 07:22:50'),
(676, 36, 12, 3, '2020-04-19 07:22:50'),
(677, 23, 24, 3, '2020-06-22 07:22:50'),
(678, 16, 76, 1, '2020-01-09 07:22:50'),
(679, 2, 80, 2, '2020-12-05 07:22:50'),
(680, 5, 55, 1, '2020-02-22 07:22:50'),
(681, 28, 14, 3, '2020-12-04 07:22:50'),
(682, 21, 13, 1, '2020-04-08 07:22:50'),
(683, 26, 16, 2, '2020-06-02 07:22:50'),
(684, 36, 13, 2, '2020-08-21 07:22:50'),
(685, 14, 83, 2, '2020-06-24 07:22:50'),
(686, 40, 28, 2, '2020-07-06 07:22:50'),
(687, 4, 12, 3, '2020-06-19 07:22:50'),
(688, 31, 56, 1, '2020-09-20 07:22:50'),
(689, 13, 61, 2, '2020-07-13 07:22:50'),
(690, 9, 6, 1, '2020-04-22 07:22:50'),
(691, 38, 69, 3, '2020-09-26 07:22:50'),
(692, 34, 24, 3, '2020-12-20 07:22:50'),
(693, 34, 48, 1, '2020-10-11 07:22:50'),
(694, 41, 11, 2, '2020-05-10 07:22:50'),
(695, 8, 27, 3, '2020-02-08 07:22:50'),
(696, 9, 58, 1, '2020-11-12 07:22:50'),
(697, 36, 1, 3, '2020-01-17 07:22:50'),
(698, 33, 59, 2, '2020-05-11 07:22:50'),
(699, 3, 38, 1, '2020-02-09 07:22:50'),
(700, 15, 79, 3, '2020-05-08 07:22:50'),
(701, 27, 68, 1, '2020-02-23 07:22:50'),
(702, 40, 16, 2, '2020-05-26 07:22:50'),
(703, 33, 73, 1, '2020-09-20 07:22:50'),
(704, 2, 2, 2, '2020-05-07 07:22:50'),
(705, 21, 83, 2, '2020-07-04 07:22:50'),
(706, 13, 74, 3, '2020-09-10 07:22:50'),
(707, 7, 10, 1, '2020-12-21 07:22:50'),
(708, 30, 14, 2, '2020-08-20 07:22:50'),
(709, 8, 16, 2, '2020-09-24 07:22:50'),
(710, 2, 7, 2, '2020-09-26 07:22:50'),
(711, 40, 83, 2, '2020-01-01 07:22:50'),
(712, 39, 28, 1, '2020-03-09 07:22:50'),
(713, 18, 45, 2, '2020-06-17 07:22:50'),
(714, 11, 50, 2, '2020-02-21 07:22:50'),
(715, 25, 70, 2, '2020-12-17 07:22:50'),
(716, 30, 67, 2, '2020-11-07 07:22:50'),
(717, 23, 10, 1, '2020-07-09 07:22:50'),
(718, 25, 53, 2, '2020-10-03 07:22:50'),
(719, 11, 45, 2, '2020-06-16 07:22:50'),
(720, 38, 83, 2, '2020-01-17 07:22:50'),
(721, 24, 60, 3, '2020-03-18 07:22:50'),
(722, 5, 34, 2, '2020-04-10 07:22:50'),
(723, 24, 74, 3, '2020-07-08 07:22:50'),
(724, 26, 58, 1, '2020-09-25 07:22:50'),
(725, 32, 6, 1, '2020-02-02 07:22:50'),
(726, 35, 55, 2, '2020-02-20 07:22:50'),
(727, 4, 83, 1, '2020-12-12 07:22:50'),
(728, 10, 67, 3, '2020-07-23 07:22:50'),
(729, 22, 5, 2, '2020-10-15 07:22:50'),
(730, 25, 76, 2, '2020-01-13 07:22:50'),
(731, 7, 37, 1, '2020-01-02 07:22:50'),
(732, 9, 23, 2, '2020-05-06 07:22:50'),
(733, 40, 48, 3, '2020-10-06 07:22:50'),
(734, 43, 79, 1, '2020-01-17 07:22:50'),
(735, 6, 27, 1, '2020-10-11 07:22:50'),
(736, 7, 78, 2, '2020-08-27 07:22:50'),
(737, 5, 52, 3, '2020-02-12 07:22:50'),
(738, 9, 72, 2, '2020-02-11 07:22:50'),
(739, 42, 59, 3, '2020-11-14 07:22:50'),
(740, 29, 23, 1, '2020-08-11 07:22:50'),
(741, 38, 51, 3, '2020-07-01 07:22:50'),
(742, 22, 50, 3, '2020-05-14 07:22:50'),
(743, 29, 43, 1, '2020-01-03 07:22:50'),
(744, 43, 50, 3, '2020-04-23 07:22:50'),
(745, 24, 32, 2, '2020-09-15 07:22:50'),
(746, 16, 78, 1, '2020-02-07 07:22:50'),
(747, 12, 21, 2, '2020-09-21 07:22:50'),
(748, 36, 9, 1, '2020-03-02 07:22:50'),
(749, 19, 82, 1, '2020-11-13 07:22:50'),
(750, 41, 48, 1, '2020-04-15 07:22:50'),
(751, 14, 24, 1, '2020-10-10 07:22:50'),
(752, 36, 8, 1, '2020-09-01 07:22:50'),
(753, 34, 3, 3, '2020-11-23 07:22:50'),
(754, 38, 70, 1, '2020-11-06 07:22:50'),
(755, 35, 85, 2, '2020-11-16 07:22:50'),
(756, 3, 84, 2, '2020-08-05 07:22:50'),
(757, 18, 10, 3, '2020-09-21 07:22:50'),
(758, 37, 48, 2, '2020-04-05 07:22:50'),
(759, 26, 11, 3, '2020-09-15 07:22:50'),
(760, 7, 79, 2, '2020-01-12 07:22:50'),
(761, 13, 37, 1, '2020-05-05 07:22:50'),
(762, 5, 78, 2, '2020-07-03 07:22:50'),
(763, 38, 60, 1, '2020-07-02 07:22:50'),
(764, 2, 79, 2, '2020-08-27 07:22:50'),
(765, 41, 45, 1, '2020-12-27 07:22:50'),
(766, 6, 35, 1, '2020-07-01 07:22:50'),
(767, 26, 68, 3, '2020-10-04 07:22:50'),
(768, 34, 46, 3, '2020-01-25 07:22:50'),
(769, 7, 45, 1, '2020-09-07 07:22:50'),
(770, 21, 66, 1, '2020-01-20 07:22:50'),
(771, 9, 15, 1, '2020-03-23 07:22:50'),
(772, 24, 22, 3, '2020-06-25 07:22:50'),
(773, 44, 6, 3, '2020-02-24 07:22:50'),
(774, 13, 62, 3, '2020-11-21 07:22:50'),
(775, 35, 23, 2, '2020-04-07 07:22:50'),
(776, 19, 29, 3, '2020-10-12 07:22:50'),
(777, 5, 4, 3, '2020-09-10 07:22:50'),
(778, 30, 74, 2, '2020-09-03 07:22:50'),
(779, 44, 29, 1, '2020-01-15 07:22:50'),
(780, 28, 19, 1, '2020-09-28 07:22:50'),
(781, 30, 52, 3, '2020-08-19 07:22:50'),
(782, 17, 65, 1, '2020-11-21 07:22:50'),
(783, 11, 11, 3, '2020-04-16 07:22:50'),
(784, 5, 53, 1, '2020-07-20 07:22:50'),
(785, 17, 18, 1, '2020-06-16 07:22:50'),
(786, 8, 38, 3, '2020-10-24 07:22:50'),
(787, 17, 63, 1, '2020-02-10 07:22:50'),
(788, 34, 79, 3, '2020-09-05 07:22:50'),
(789, 30, 16, 3, '2020-10-22 07:22:50'),
(790, 3, 17, 3, '2020-08-02 07:22:50'),
(791, 34, 20, 2, '2020-03-03 07:22:50'),
(792, 42, 59, 2, '2020-04-10 07:22:50'),
(793, 22, 66, 2, '2020-07-26 07:22:50'),
(794, 15, 2, 3, '2020-08-18 07:22:50'),
(795, 12, 35, 1, '2020-08-05 07:22:50'),
(796, 40, 43, 3, '2020-05-05 07:22:50'),
(797, 29, 32, 3, '2020-05-13 07:22:50'),
(798, 3, 68, 1, '2020-05-22 07:22:50'),
(799, 29, 71, 2, '2020-11-01 07:22:50'),
(800, 19, 45, 2, '2020-04-04 07:22:50'),
(801, 12, 31, 2, '2020-12-17 07:22:50'),
(802, 29, 15, 1, '2020-11-03 07:22:50'),
(803, 10, 26, 3, '2020-09-11 07:22:50'),
(804, 8, 82, 1, '2020-04-17 07:22:50'),
(805, 3, 75, 2, '2020-06-09 07:22:50'),
(806, 26, 26, 1, '2020-08-16 07:22:50'),
(807, 42, 37, 1, '2020-03-14 07:22:50'),
(808, 21, 50, 3, '2020-11-21 07:22:50'),
(809, 23, 31, 2, '2020-08-25 07:22:50'),
(810, 23, 49, 1, '2020-04-20 07:22:50'),
(811, 36, 63, 3, '2020-05-23 07:22:50'),
(812, 33, 23, 3, '2020-06-15 07:22:50'),
(813, 4, 82, 1, '2020-08-06 07:22:50'),
(814, 35, 17, 1, '2020-02-18 07:22:50'),
(815, 30, 34, 2, '2020-05-08 07:22:50'),
(816, 38, 4, 1, '2020-01-02 07:22:50'),
(817, 24, 43, 2, '2020-03-05 07:22:50'),
(818, 39, 67, 1, '2020-03-16 07:22:50'),
(819, 37, 8, 1, '2020-10-10 07:22:50'),
(820, 35, 40, 1, '2020-10-12 07:22:50'),
(821, 13, 49, 2, '2020-08-19 07:22:50'),
(822, 4, 81, 3, '2020-10-09 07:22:50'),
(823, 11, 76, 1, '2020-12-19 07:22:50'),
(824, 36, 38, 2, '2020-10-20 07:22:50'),
(825, 21, 76, 1, '2020-10-11 07:22:50'),
(826, 20, 76, 3, '2020-08-11 07:22:50'),
(827, 33, 7, 2, '2020-02-27 07:22:50'),
(828, 10, 55, 1, '2020-03-05 07:22:50'),
(829, 5, 77, 3, '2020-10-18 07:22:50'),
(830, 33, 55, 3, '2020-04-14 07:22:50'),
(831, 32, 84, 1, '2020-12-20 07:22:50'),
(832, 15, 19, 2, '2020-12-17 07:22:50'),
(833, 26, 83, 2, '2020-10-21 07:22:50'),
(834, 24, 31, 3, '2020-05-04 07:22:50'),
(835, 23, 49, 2, '2020-02-09 07:22:50'),
(836, 10, 41, 2, '2020-05-28 07:22:50'),
(837, 33, 16, 2, '2020-01-06 07:22:50'),
(838, 44, 16, 1, '2020-08-07 07:22:50'),
(839, 12, 66, 3, '2020-05-13 07:22:50'),
(840, 19, 75, 1, '2020-01-04 07:22:50'),
(841, 24, 54, 2, '2020-01-21 07:22:50'),
(842, 17, 5, 3, '2020-03-15 07:22:50'),
(843, 20, 10, 2, '2020-01-27 07:22:50'),
(844, 11, 11, 2, '2020-02-16 07:22:50'),
(845, 24, 38, 1, '2020-09-06 07:22:50'),
(846, 18, 4, 1, '2020-02-15 07:22:50'),
(847, 11, 78, 1, '2020-09-09 07:22:50'),
(848, 38, 70, 2, '2020-02-16 07:22:50'),
(849, 39, 61, 1, '2020-04-17 07:22:50'),
(850, 28, 4, 3, '2020-10-07 07:22:50'),
(851, 37, 43, 2, '2020-03-27 07:22:50'),
(852, 4, 51, 3, '2020-01-24 07:22:50'),
(853, 2, 22, 2, '2020-12-20 07:22:50'),
(854, 8, 68, 3, '2020-03-15 07:22:50'),
(855, 18, 34, 3, '2020-08-19 07:22:50'),
(856, 32, 16, 2, '2020-10-01 07:22:50'),
(857, 5, 47, 3, '2020-07-21 07:22:50'),
(858, 3, 44, 3, '2020-01-25 07:22:50'),
(859, 42, 32, 1, '2020-10-16 07:22:50'),
(860, 29, 41, 2, '2020-11-23 07:22:50'),
(861, 15, 14, 3, '2020-09-20 07:22:50'),
(862, 35, 69, 2, '2020-05-23 07:22:50'),
(863, 38, 55, 3, '2020-10-05 07:22:50'),
(864, 8, 9, 3, '2020-08-12 07:22:50'),
(865, 24, 49, 1, '2020-07-22 07:22:50'),
(866, 39, 48, 3, '2020-03-22 07:22:50'),
(867, 25, 83, 1, '2020-02-10 07:22:50'),
(868, 23, 12, 3, '2020-12-22 07:22:50'),
(869, 28, 21, 3, '2020-01-27 07:22:50'),
(870, 37, 71, 1, '2020-09-05 07:22:50'),
(871, 37, 56, 2, '2020-11-26 07:22:50'),
(872, 39, 55, 1, '2020-01-05 07:22:50'),
(873, 37, 77, 2, '2020-05-14 07:22:50'),
(874, 1, 29, 3, '2020-04-20 07:22:50'),
(875, 12, 74, 1, '2020-07-16 07:22:50'),
(876, 36, 63, 1, '2020-11-10 07:22:50'),
(877, 35, 78, 3, '2020-05-05 07:22:50'),
(878, 12, 36, 1, '2020-04-08 07:22:50'),
(879, 10, 30, 2, '2020-04-28 07:22:50'),
(880, 23, 58, 1, '2020-11-14 07:22:50'),
(881, 4, 14, 2, '2020-08-19 07:22:50'),
(882, 38, 13, 2, '2020-02-19 07:22:50'),
(883, 24, 37, 3, '2020-08-28 07:22:50'),
(884, 35, 78, 1, '2020-10-24 07:22:50'),
(885, 4, 66, 2, '2020-01-12 07:22:50'),
(886, 9, 39, 1, '2020-07-06 07:22:50'),
(887, 37, 67, 2, '2020-05-27 07:22:50'),
(888, 39, 25, 2, '2020-04-11 07:22:50'),
(889, 25, 7, 3, '2020-02-01 07:22:50'),
(890, 40, 43, 1, '2020-10-25 07:22:50'),
(891, 21, 7, 1, '2020-05-19 07:22:50'),
(892, 7, 30, 1, '2020-07-21 07:22:50'),
(893, 25, 15, 3, '2020-10-27 07:22:50'),
(894, 36, 45, 3, '2020-11-14 07:22:50'),
(895, 22, 19, 3, '2020-05-07 07:22:50'),
(896, 36, 12, 1, '2020-07-14 07:22:50'),
(897, 16, 21, 1, '2020-02-19 07:22:50'),
(898, 1, 83, 1, '2020-09-17 07:22:50'),
(899, 16, 32, 1, '2020-12-15 07:22:50'),
(900, 14, 38, 3, '2020-12-18 07:22:50'),
(901, 26, 4, 2, '2020-09-04 07:22:50'),
(902, 13, 62, 1, '2020-06-01 07:22:50'),
(903, 21, 58, 3, '2020-10-22 07:22:50'),
(904, 30, 83, 2, '2020-02-16 07:22:50'),
(905, 44, 29, 1, '2020-06-09 07:22:50'),
(906, 2, 43, 3, '2020-11-05 07:22:50'),
(907, 3, 68, 2, '2020-06-01 07:22:50'),
(908, 1, 26, 3, '2020-04-06 07:22:50'),
(909, 23, 77, 1, '2020-09-27 07:22:50'),
(910, 29, 17, 3, '2020-06-22 07:22:50'),
(911, 26, 84, 1, '2020-02-27 07:22:50'),
(912, 6, 79, 1, '2020-08-24 07:22:50'),
(913, 32, 32, 2, '2020-10-26 07:22:50'),
(914, 17, 16, 2, '2020-01-21 07:22:50'),
(915, 26, 51, 2, '2020-07-03 07:22:50'),
(916, 20, 16, 1, '2020-10-02 07:22:50'),
(917, 41, 2, 1, '2020-08-09 07:22:50'),
(918, 13, 2, 3, '2020-06-27 07:22:50'),
(919, 20, 73, 2, '2020-02-27 07:22:50'),
(920, 14, 15, 1, '2020-06-26 07:22:50'),
(921, 30, 34, 3, '2020-04-04 07:22:50'),
(922, 19, 85, 2, '2020-06-05 07:22:50'),
(923, 27, 57, 1, '2020-12-11 07:22:50'),
(924, 9, 59, 1, '2020-12-11 07:22:50'),
(925, 30, 3, 1, '2020-08-23 07:22:50'),
(926, 19, 27, 3, '2020-03-07 07:22:50'),
(927, 4, 48, 2, '2020-11-04 07:22:50'),
(928, 37, 34, 3, '2020-11-12 07:22:50'),
(929, 1, 68, 3, '2020-10-03 07:22:50'),
(930, 7, 74, 2, '2020-06-24 07:22:50'),
(931, 43, 67, 1, '2020-01-18 07:22:50'),
(932, 5, 22, 1, '2020-01-15 07:22:50'),
(933, 38, 52, 1, '2020-01-17 07:22:50'),
(934, 8, 74, 3, '2020-10-08 07:22:50'),
(935, 44, 20, 2, '2020-11-09 07:22:50'),
(936, 3, 36, 1, '2020-10-14 07:22:50'),
(937, 41, 29, 2, '2020-07-08 07:22:50'),
(938, 11, 12, 1, '2020-04-03 07:22:50'),
(939, 32, 5, 3, '2020-01-24 07:22:50'),
(940, 9, 63, 3, '2020-04-28 07:22:50'),
(941, 12, 50, 1, '2020-11-14 07:22:50'),
(942, 17, 45, 3, '2020-08-22 07:22:50'),
(943, 4, 28, 2, '2020-05-09 07:22:50'),
(944, 33, 34, 1, '2020-09-09 07:22:50'),
(945, 18, 7, 3, '2020-10-19 07:22:50'),
(946, 14, 47, 1, '2020-07-20 07:22:50'),
(947, 43, 50, 2, '2020-10-16 07:22:50'),
(948, 34, 51, 2, '2020-04-13 07:22:50'),
(949, 22, 8, 3, '2020-04-23 07:22:50'),
(950, 11, 17, 3, '2020-12-08 07:22:50'),
(951, 37, 37, 2, '2020-10-08 07:22:50'),
(952, 42, 58, 3, '2020-12-10 07:22:50'),
(953, 43, 17, 3, '2020-03-17 07:22:50'),
(954, 21, 61, 2, '2020-10-23 07:22:50'),
(955, 1, 85, 1, '2020-10-23 07:22:50'),
(956, 32, 5, 3, '2020-10-28 07:22:50'),
(957, 19, 84, 3, '2020-05-04 07:22:50'),
(958, 27, 64, 2, '2020-03-13 07:22:50'),
(959, 5, 85, 3, '2020-07-04 07:22:50'),
(960, 39, 32, 3, '2020-06-03 07:22:50'),
(961, 6, 18, 1, '2020-06-25 07:22:50'),
(962, 15, 36, 1, '2020-09-18 07:22:50'),
(963, 1, 49, 1, '2020-04-24 07:22:50'),
(964, 35, 58, 2, '2020-03-28 07:22:50'),
(965, 27, 23, 3, '2020-08-20 07:22:50'),
(966, 8, 30, 2, '2020-11-16 07:22:50'),
(967, 4, 39, 2, '2020-08-18 07:22:50'),
(968, 28, 8, 3, '2020-06-04 07:22:50'),
(969, 39, 8, 3, '2020-02-22 07:22:50'),
(970, 35, 63, 1, '2020-12-24 07:22:50'),
(971, 35, 25, 2, '2020-06-22 07:22:50'),
(972, 29, 73, 3, '2020-01-10 07:22:50'),
(973, 30, 53, 3, '2020-12-04 07:22:50'),
(974, 24, 70, 2, '2020-10-02 07:22:50'),
(975, 25, 35, 3, '2020-03-25 07:22:50'),
(976, 10, 40, 1, '2020-01-17 07:22:50'),
(977, 32, 83, 2, '2020-04-10 07:22:50'),
(978, 32, 72, 3, '2020-03-02 07:22:50'),
(979, 12, 28, 2, '2020-09-20 07:22:50'),
(980, 41, 29, 1, '2020-07-07 07:22:50'),
(981, 43, 9, 2, '2020-11-01 07:22:50'),
(982, 42, 27, 1, '2020-05-08 07:22:50'),
(983, 1, 53, 1, '2020-04-21 07:22:50'),
(984, 5, 39, 3, '2020-04-14 07:22:50'),
(985, 14, 34, 1, '2020-01-23 07:22:50'),
(986, 11, 44, 1, '2020-01-05 07:22:50'),
(987, 3, 3, 2, '2020-09-18 07:22:50'),
(988, 10, 15, 3, '2020-06-20 07:22:50'),
(989, 15, 57, 3, '2020-01-18 07:22:50'),
(990, 1, 2, 3, '2020-10-05 07:22:50'),
(991, 28, 45, 2, '2020-11-11 07:22:50'),
(992, 17, 74, 2, '2020-08-16 07:22:50'),
(993, 32, 33, 2, '2020-07-22 07:22:50'),
(994, 16, 5, 3, '2020-10-14 07:22:50'),
(995, 17, 61, 3, '2020-01-04 07:22:50'),
(996, 34, 52, 1, '2020-03-08 07:22:50'),
(997, 40, 25, 2, '2020-04-21 07:22:50'),
(998, 42, 63, 1, '2020-10-19 07:22:50'),
(999, 33, 8, 2, '2020-03-07 07:22:50'),
(1000, 38, 6, 3, '2020-08-15 07:22:50'),
(1001, 39, 27, 2, '2020-03-05 07:22:50'),
(1002, 28, 85, 3, '2020-06-28 07:22:50'),
(1003, 29, 11, 2, '2020-08-06 07:22:50'),
(1004, 30, 59, 2, '2020-01-06 07:22:50'),
(1005, 10, 51, 1, '2020-09-26 07:22:50'),
(1006, 41, 16, 1, '2020-01-05 07:22:50'),
(1007, 43, 25, 2, '2020-08-19 07:22:50'),
(1008, 1, 32, 2, '2020-08-07 07:22:50'),
(1009, 27, 7, 3, '2020-01-01 07:22:50'),
(1010, 24, 54, 1, '2020-08-01 07:22:50'),
(1011, 2, 74, 2, '2020-01-01 07:22:50'),
(1012, 29, 25, 2, '2020-01-22 07:22:50'),
(1013, 33, 17, 3, '2020-05-04 07:22:50'),
(1014, 17, 79, 3, '2020-07-13 07:22:50'),
(1015, 23, 17, 3, '2020-06-23 07:22:50'),
(1016, 33, 39, 2, '2020-10-05 07:22:50'),
(1017, 39, 18, 1, '2020-12-12 07:22:50'),
(1018, 33, 14, 3, '2020-03-19 07:22:50'),
(1019, 9, 21, 3, '2020-08-03 07:22:50'),
(1020, 38, 2, 3, '2020-03-07 07:22:50'),
(1021, 15, 16, 2, '2020-04-01 07:22:50'),
(1022, 34, 19, 2, '2020-05-23 07:22:50'),
(1023, 9, 44, 3, '2020-02-13 07:22:50'),
(1024, 34, 63, 2, '2020-04-21 07:22:50'),
(1025, 33, 17, 3, '2020-07-01 07:22:50'),
(1026, 3, 38, 3, '2020-03-08 07:22:50'),
(1027, 29, 50, 3, '2020-03-15 07:22:50'),
(1028, 20, 66, 2, '2020-01-24 07:22:50'),
(1029, 18, 80, 1, '2020-11-03 07:22:50'),
(1030, 3, 36, 1, '2020-03-23 07:22:50'),
(1031, 4, 1, 2, '2020-09-03 07:22:50'),
(1032, 17, 17, 2, '2020-02-23 07:22:50'),
(1033, 16, 37, 3, '2020-05-24 07:22:50'),
(1034, 14, 46, 1, '2020-07-23 07:22:50'),
(1035, 44, 16, 3, '2020-02-09 07:22:50'),
(1036, 30, 42, 1, '2020-11-21 07:22:50'),
(1037, 39, 58, 2, '2020-01-02 07:22:50'),
(1038, 35, 61, 1, '2020-04-24 07:22:50'),
(1039, 37, 6, 2, '2020-10-09 07:22:50'),
(1040, 31, 46, 2, '2020-12-27 07:22:50'),
(1041, 23, 62, 1, '2020-02-18 07:22:50'),
(1042, 1, 77, 2, '2020-05-21 07:22:50'),
(1043, 39, 22, 2, '2020-07-27 07:22:50'),
(1044, 2, 44, 2, '2020-07-10 07:22:50'),
(1045, 12, 82, 1, '2020-04-04 07:22:50'),
(1046, 41, 32, 2, '2020-01-25 07:22:50'),
(1047, 6, 38, 3, '2020-02-01 07:22:50'),
(1048, 24, 64, 1, '2020-12-24 07:22:50'),
(1049, 9, 43, 1, '2020-12-01 07:22:50'),
(1050, 17, 12, 2, '2020-12-04 07:22:50'),
(1051, 13, 15, 3, '2020-12-04 07:22:50'),
(1052, 41, 12, 2, '2020-06-18 07:22:50'),
(1053, 22, 55, 1, '2020-06-10 07:22:50'),
(1054, 19, 44, 2, '2020-06-24 07:22:50'),
(1055, 9, 48, 2, '2020-11-21 07:22:50'),
(1056, 22, 56, 2, '2020-09-23 07:22:50'),
(1057, 36, 77, 3, '2020-06-27 07:22:50'),
(1058, 36, 79, 2, '2020-09-28 07:22:50'),
(1059, 31, 31, 3, '2020-07-24 07:22:50'),
(1060, 20, 38, 1, '2020-02-12 07:22:50'),
(1061, 18, 54, 1, '2020-08-12 07:22:50'),
(1062, 35, 48, 2, '2020-01-14 07:22:50'),
(1063, 26, 78, 3, '2020-08-02 07:22:50'),
(1064, 3, 6, 3, '2020-06-08 07:22:50'),
(1065, 6, 37, 1, '2020-09-12 07:22:50'),
(1066, 10, 18, 1, '2020-04-26 07:22:50'),
(1067, 2, 73, 3, '2020-03-13 07:22:50'),
(1068, 39, 11, 2, '2020-06-25 07:22:50'),
(1069, 18, 79, 1, '2020-07-27 07:22:50'),
(1070, 32, 40, 1, '2020-11-25 07:22:50'),
(1071, 4, 42, 3, '2020-05-05 07:22:50'),
(1072, 44, 61, 1, '2020-12-12 07:22:50'),
(1073, 3, 35, 3, '2020-01-04 07:22:50'),
(1074, 16, 74, 1, '2020-08-09 07:22:50'),
(1075, 15, 35, 2, '2020-12-03 07:22:50'),
(1076, 44, 2, 2, '2020-11-27 07:22:50'),
(1077, 20, 84, 3, '2020-01-03 07:22:50'),
(1078, 37, 36, 1, '2020-06-27 07:22:50'),
(1079, 2, 32, 1, '2020-03-07 07:22:50'),
(1080, 28, 73, 2, '2020-02-20 07:22:50'),
(1081, 28, 5, 1, '2020-03-14 07:22:50'),
(1082, 18, 60, 3, '2020-06-24 07:22:50'),
(1083, 11, 62, 3, '2020-09-15 07:22:50'),
(1084, 40, 63, 2, '2020-07-05 07:22:50'),
(1085, 38, 18, 2, '2020-08-11 07:22:50'),
(1086, 5, 7, 3, '2020-02-05 07:22:50'),
(1087, 11, 73, 1, '2020-05-24 07:22:50'),
(1088, 29, 31, 2, '2020-06-27 07:22:50'),
(1089, 7, 31, 2, '2020-04-19 07:22:50'),
(1090, 22, 5, 1, '2020-09-11 07:22:50'),
(1091, 13, 54, 3, '2020-07-25 07:22:50'),
(1092, 2, 39, 2, '2020-08-05 07:22:50'),
(1093, 13, 32, 1, '2020-09-17 07:22:50'),
(1094, 4, 24, 2, '2020-09-08 07:22:50'),
(1095, 40, 25, 3, '2020-12-10 07:22:50'),
(1096, 26, 24, 3, '2020-08-02 07:22:50'),
(1097, 10, 17, 3, '2020-10-26 07:22:50'),
(1098, 2, 25, 3, '2020-01-28 07:22:50'),
(1099, 11, 48, 2, '2020-12-28 07:22:50'),
(1100, 20, 74, 2, '2020-02-18 07:22:50'),
(1101, 4, 29, 1, '2020-05-10 07:22:50'),
(1102, 33, 83, 2, '2020-07-12 07:22:50'),
(1103, 32, 32, 3, '2020-09-13 07:22:50'),
(1104, 6, 52, 2, '2020-09-25 07:22:50'),
(1105, 31, 9, 3, '2020-02-07 07:22:50'),
(1106, 1, 14, 2, '2020-06-11 07:22:50'),
(1107, 9, 74, 1, '2020-07-05 07:22:50'),
(1108, 6, 37, 2, '2020-02-07 07:22:50'),
(1109, 27, 30, 2, '2020-10-01 07:22:50'),
(1110, 41, 32, 2, '2020-06-27 07:22:50'),
(1111, 15, 11, 1, '2020-08-03 07:22:50'),
(1112, 19, 42, 3, '2020-09-13 07:22:50'),
(1113, 16, 54, 2, '2020-10-13 07:22:50'),
(1114, 27, 2, 3, '2020-02-08 07:22:50'),
(1115, 32, 52, 2, '2020-01-09 07:22:50'),
(1116, 15, 15, 1, '2020-11-20 07:22:50'),
(1117, 35, 48, 1, '2020-03-22 07:22:50'),
(1118, 19, 63, 2, '2020-05-02 07:22:50'),
(1119, 23, 62, 3, '2020-08-01 07:22:50'),
(1120, 31, 4, 3, '2020-05-01 07:22:50'),
(1121, 31, 77, 3, '2020-04-12 07:22:50'),
(1122, 41, 45, 1, '2020-03-12 07:22:50'),
(1123, 16, 66, 2, '2020-10-16 07:22:50'),
(1124, 33, 51, 2, '2020-02-15 07:22:50'),
(1125, 5, 45, 3, '2020-12-27 07:22:50'),
(1126, 18, 20, 2, '2020-05-02 07:22:50'),
(1127, 18, 74, 1, '2020-07-27 07:22:50'),
(1128, 31, 61, 1, '2020-04-18 07:22:50'),
(1129, 7, 41, 3, '2020-10-18 07:22:50'),
(1130, 44, 50, 2, '2020-10-28 07:22:50'),
(1131, 6, 48, 1, '2020-12-11 07:22:50'),
(1132, 16, 19, 3, '2020-05-26 07:22:50'),
(1133, 28, 54, 3, '2020-09-09 07:22:50'),
(1134, 25, 9, 1, '2020-06-10 07:22:50'),
(1135, 43, 81, 2, '2020-04-15 07:22:50'),
(1136, 1, 35, 2, '2020-06-06 07:22:50'),
(1137, 19, 78, 3, '2020-01-28 07:22:50'),
(1138, 40, 25, 2, '2020-06-01 07:22:50'),
(1139, 19, 13, 1, '2020-01-10 07:22:50'),
(1140, 44, 74, 3, '2020-07-14 07:22:50'),
(1141, 44, 85, 3, '2020-09-21 07:22:50'),
(1142, 14, 5, 2, '2020-12-17 07:22:50'),
(1143, 7, 16, 1, '2020-12-17 07:22:50'),
(1144, 43, 21, 2, '2020-09-06 07:22:50'),
(1145, 26, 10, 2, '2020-03-26 07:22:50'),
(1146, 34, 83, 2, '2020-06-11 07:22:50'),
(1147, 28, 83, 1, '2020-07-25 07:22:50'),
(1148, 36, 51, 2, '2020-03-25 07:22:50'),
(1149, 31, 64, 3, '2020-11-11 07:22:50'),
(1150, 7, 34, 1, '2020-04-27 07:22:50'),
(1151, 28, 48, 3, '2020-10-07 07:22:50'),
(1152, 7, 25, 3, '2020-08-10 07:22:50'),
(1153, 36, 85, 1, '2020-03-27 07:22:50'),
(1154, 21, 73, 1, '2020-10-05 07:22:50'),
(1155, 39, 20, 1, '2020-01-15 07:22:50'),
(1156, 33, 52, 2, '2020-11-05 07:22:50'),
(1157, 8, 69, 2, '2020-04-08 07:22:50'),
(1158, 14, 4, 1, '2020-03-03 07:22:50'),
(1159, 6, 70, 1, '2020-01-05 07:22:50'),
(1160, 42, 72, 2, '2020-11-09 07:22:50'),
(1161, 2, 50, 2, '2020-09-20 07:22:50'),
(1162, 20, 7, 3, '2020-01-28 07:22:50'),
(1163, 10, 70, 3, '2020-06-19 07:22:50'),
(1164, 31, 41, 1, '2020-07-22 07:22:50'),
(1165, 18, 69, 1, '2020-12-20 07:22:50'),
(1166, 21, 15, 2, '2020-03-04 07:22:50'),
(1167, 12, 84, 2, '2020-07-08 07:22:50'),
(1168, 15, 55, 1, '2020-12-13 07:22:50'),
(1169, 34, 34, 2, '2020-12-11 07:22:50'),
(1170, 22, 42, 3, '2020-02-25 07:22:50'),
(1171, 27, 8, 3, '2020-12-02 07:22:50'),
(1172, 3, 61, 2, '2020-12-07 07:22:50'),
(1173, 27, 5, 1, '2020-11-03 07:22:50'),
(1174, 41, 55, 1, '2020-01-20 07:22:50'),
(1175, 41, 1, 3, '2020-02-09 07:22:50'),
(1176, 31, 74, 1, '2020-08-15 07:22:50'),
(1177, 17, 58, 1, '2020-01-08 07:22:50'),
(1178, 40, 38, 2, '2020-02-11 07:22:50'),
(1179, 39, 23, 3, '2020-04-11 07:22:50'),
(1180, 6, 33, 2, '2020-03-08 07:22:50'),
(1181, 12, 25, 3, '2020-06-02 07:22:50'),
(1182, 2, 33, 1, '2020-08-07 07:22:50'),
(1183, 11, 33, 1, '2020-03-14 07:22:50'),
(1184, 29, 63, 1, '2020-01-20 07:22:50'),
(1185, 18, 76, 2, '2020-07-11 07:22:50'),
(1186, 25, 56, 1, '2020-08-14 07:22:50'),
(1187, 8, 19, 2, '2020-08-13 07:22:50'),
(1188, 23, 66, 1, '2020-12-09 07:22:50'),
(1189, 13, 56, 1, '2020-02-07 07:22:50'),
(1190, 8, 65, 1, '2020-05-20 07:22:50'),
(1191, 15, 71, 2, '2020-03-24 07:22:50'),
(1192, 42, 35, 2, '2020-11-02 07:22:50'),
(1193, 37, 7, 2, '2020-05-03 07:22:50'),
(1194, 20, 13, 2, '2020-06-20 07:22:50'),
(1195, 18, 46, 1, '2020-04-17 07:22:50'),
(1196, 38, 76, 2, '2020-07-12 07:22:50'),
(1197, 12, 25, 3, '2020-07-22 07:22:50'),
(1198, 2, 49, 3, '2020-01-12 07:22:50'),
(1199, 40, 9, 3, '2020-05-13 07:22:50'),
(1200, 36, 82, 2, '2020-11-28 07:22:50'),
(1201, 14, 5, 2, '2020-12-05 07:22:50'),
(1202, 13, 50, 2, '2020-07-21 07:22:50'),
(1203, 34, 65, 3, '2020-01-22 07:22:50'),
(1204, 44, 27, 2, '2020-11-14 07:22:50'),
(1205, 38, 29, 1, '2020-04-13 07:22:50'),
(1206, 23, 73, 3, '2020-10-21 07:22:50'),
(1207, 4, 46, 2, '2020-06-13 07:22:50'),
(1208, 26, 4, 2, '2020-11-25 07:22:50'),
(1209, 16, 67, 1, '2020-01-16 07:22:50'),
(1210, 37, 85, 1, '2020-12-18 07:22:50'),
(1211, 19, 70, 3, '2020-10-16 07:22:50'),
(1212, 27, 75, 2, '2020-10-11 07:22:50'),
(1213, 14, 58, 3, '2020-04-06 07:22:50'),
(1214, 20, 41, 3, '2020-03-15 07:22:50'),
(1215, 21, 43, 1, '2020-06-14 07:22:50'),
(1216, 3, 42, 3, '2020-11-02 07:22:50'),
(1217, 23, 1, 2, '2020-10-11 07:22:50'),
(1218, 44, 58, 3, '2020-02-21 07:22:50'),
(1219, 24, 76, 1, '2020-12-24 07:22:50'),
(1220, 20, 28, 1, '2020-05-03 07:22:50'),
(1221, 10, 71, 2, '2020-04-20 07:22:50'),
(1222, 42, 30, 3, '2020-08-17 07:22:50'),
(1223, 14, 10, 2, '2020-12-18 07:22:50'),
(1224, 42, 51, 1, '2020-10-02 07:22:50'),
(1225, 39, 57, 3, '2020-02-24 07:22:50'),
(1226, 13, 56, 1, '2020-04-27 07:22:50'),
(1227, 6, 78, 2, '2020-11-01 07:22:50'),
(1228, 40, 20, 2, '2020-01-26 07:22:50'),
(1229, 24, 32, 2, '2020-12-10 07:22:50'),
(1230, 30, 32, 2, '2020-10-10 07:22:50'),
(1231, 7, 17, 3, '2020-03-21 07:22:50'),
(1232, 29, 67, 1, '2020-07-10 07:22:50'),
(1233, 38, 76, 3, '2020-04-17 07:22:50'),
(1234, 15, 80, 3, '2020-07-11 07:22:50'),
(1235, 40, 53, 3, '2020-02-14 07:22:50'),
(1236, 5, 58, 2, '2020-06-21 07:22:50'),
(1237, 10, 15, 2, '2020-09-25 07:22:50'),
(1238, 44, 21, 2, '2020-04-15 07:22:50'),
(1239, 11, 41, 3, '2020-02-17 07:22:50'),
(1240, 12, 4, 3, '2020-12-07 07:22:50'),
(1241, 28, 58, 2, '2020-03-24 07:22:50'),
(1242, 43, 14, 3, '2020-04-12 07:22:50'),
(1243, 27, 83, 2, '2020-02-01 07:22:50'),
(1244, 9, 51, 1, '2020-11-01 07:22:50'),
(1245, 33, 26, 1, '2020-06-18 07:22:50'),
(1246, 9, 48, 2, '2020-03-03 07:22:50'),
(1247, 13, 82, 2, '2020-11-04 07:22:50'),
(1248, 41, 74, 3, '2020-10-07 07:22:50'),
(1249, 31, 23, 2, '2020-08-20 07:22:50'),
(1250, 8, 56, 3, '2020-03-13 07:22:50'),
(1251, 26, 3, 2, '2020-11-14 07:22:50'),
(1252, 8, 61, 3, '2020-10-17 07:22:50'),
(1253, 27, 42, 2, '2020-02-03 07:22:50'),
(1254, 24, 27, 3, '2020-05-19 07:22:50'),
(1255, 42, 53, 1, '2020-01-04 07:22:50'),
(1256, 38, 59, 3, '2020-03-11 07:22:50'),
(1257, 6, 69, 1, '2020-05-26 07:22:50'),
(1258, 24, 74, 1, '2020-04-01 07:22:50'),
(1259, 25, 4, 1, '2020-10-25 07:22:50'),
(1260, 28, 11, 3, '2020-05-13 07:22:50'),
(1261, 11, 38, 2, '2020-02-19 07:22:50'),
(1262, 12, 42, 3, '2020-05-06 07:22:50'),
(1263, 6, 14, 2, '2020-11-06 07:22:50'),
(1264, 3, 9, 1, '2020-08-02 07:22:50'),
(1265, 11, 3, 2, '2020-05-14 07:22:50'),
(1266, 8, 83, 3, '2020-10-03 07:22:50'),
(1267, 32, 70, 3, '2020-05-19 07:22:50'),
(1268, 35, 3, 3, '2020-09-17 07:22:50'),
(1269, 7, 8, 2, '2020-06-13 07:22:50'),
(1270, 40, 62, 1, '2020-12-07 07:22:50'),
(1271, 34, 74, 3, '2020-08-15 07:22:50'),
(1272, 33, 21, 3, '2020-08-12 07:22:50'),
(1273, 7, 76, 3, '2020-08-10 07:22:50'),
(1274, 40, 73, 3, '2020-10-15 07:22:50'),
(1275, 36, 73, 2, '2020-10-15 07:22:50'),
(1276, 33, 80, 2, '2020-04-13 07:22:50'),
(1277, 1, 19, 2, '2020-11-05 07:22:50'),
(1278, 25, 27, 3, '2020-08-10 07:22:50'),
(1279, 16, 21, 2, '2020-03-13 07:22:50'),
(1280, 13, 60, 2, '2020-12-07 07:22:50'),
(1281, 25, 70, 2, '2020-07-05 07:22:50'),
(1282, 30, 42, 1, '2020-12-13 07:22:50'),
(1283, 9, 79, 1, '2020-04-11 07:22:50'),
(1284, 15, 50, 2, '2020-01-21 07:22:50'),
(1285, 30, 56, 1, '2020-04-14 07:22:50');
INSERT INTO `User_Activity_Status_History` (`History_ID`, `User_ID`, `Activity_ID`, `Status_ID`, `Update_At`) VALUES
(1286, 26, 60, 2, '2020-01-13 07:22:50'),
(1287, 22, 34, 2, '2020-05-26 07:22:50'),
(1288, 3, 34, 3, '2020-05-26 07:22:50'),
(1289, 24, 29, 3, '2020-06-07 07:22:50'),
(1290, 33, 71, 3, '2020-01-10 07:22:50'),
(1291, 38, 54, 1, '2020-12-01 07:22:50'),
(1292, 27, 73, 2, '2020-01-07 07:22:50'),
(1293, 9, 80, 2, '2020-02-02 07:22:50'),
(1294, 34, 32, 2, '2020-01-25 07:22:50'),
(1295, 15, 22, 1, '2020-03-02 07:22:50'),
(1296, 40, 29, 3, '2020-08-21 07:22:50'),
(1297, 18, 78, 1, '2020-08-01 07:22:50'),
(1298, 27, 7, 2, '2020-10-14 07:22:50'),
(1299, 35, 71, 2, '2020-02-08 07:22:50'),
(1300, 14, 42, 1, '2020-10-03 07:22:50'),
(1301, 6, 77, 2, '2020-09-05 07:22:50'),
(1302, 5, 68, 3, '2020-04-17 07:22:50'),
(1303, 26, 81, 3, '2020-12-01 07:22:50'),
(1304, 38, 4, 3, '2020-12-22 07:22:50'),
(1305, 42, 25, 2, '2020-07-23 07:22:50'),
(1306, 15, 19, 3, '2020-10-14 07:22:50'),
(1307, 19, 13, 2, '2020-12-11 07:22:50'),
(1308, 40, 26, 1, '2020-09-15 07:22:50'),
(1309, 25, 65, 1, '2020-05-04 07:22:50'),
(1310, 30, 19, 1, '2020-09-01 07:22:50'),
(1311, 2, 1, 1, '2020-04-20 07:22:50'),
(1312, 8, 57, 1, '2020-09-15 07:22:50'),
(1313, 5, 65, 1, '2020-06-08 07:22:50'),
(1314, 6, 23, 1, '2020-10-12 07:22:50'),
(1315, 25, 77, 2, '2020-05-22 07:22:50'),
(1316, 35, 19, 3, '2020-07-10 07:22:50'),
(1317, 2, 77, 2, '2020-12-07 07:22:50'),
(1318, 4, 33, 1, '2020-03-06 07:22:50'),
(1319, 35, 38, 1, '2020-01-10 07:22:50'),
(1320, 35, 79, 2, '2020-03-05 07:22:50'),
(1321, 16, 75, 2, '2020-06-06 07:22:50'),
(1322, 4, 60, 2, '2020-07-28 07:22:50'),
(1323, 33, 79, 1, '2020-08-28 07:22:50'),
(1324, 31, 54, 1, '2020-11-11 07:22:50'),
(1325, 21, 38, 3, '2020-03-23 07:22:50'),
(1326, 18, 85, 1, '2020-02-08 07:22:50'),
(1327, 25, 38, 3, '2020-05-17 07:22:50'),
(1328, 11, 46, 3, '2020-10-20 07:22:50'),
(1329, 35, 56, 1, '2020-11-15 07:22:50'),
(1330, 31, 32, 1, '2020-03-14 07:22:50'),
(1331, 17, 10, 1, '2020-07-15 07:22:50'),
(1332, 29, 29, 3, '2020-12-06 07:22:50'),
(1333, 24, 4, 3, '2020-07-20 07:22:50'),
(1334, 21, 19, 3, '2020-05-20 07:22:50'),
(1335, 10, 68, 3, '2020-07-16 07:22:50'),
(1336, 27, 85, 2, '2020-01-03 07:22:50'),
(1337, 43, 59, 3, '2020-12-21 07:22:50'),
(1338, 36, 26, 1, '2020-07-21 07:22:50'),
(1339, 35, 55, 3, '2020-03-03 07:22:50'),
(1340, 39, 29, 3, '2020-09-26 07:22:50'),
(1341, 3, 47, 2, '2020-11-03 07:22:50'),
(1342, 6, 67, 2, '2020-02-05 07:22:50'),
(1343, 16, 57, 1, '2020-06-09 07:22:50'),
(1344, 42, 2, 1, '2020-09-25 07:22:50'),
(1345, 28, 1, 2, '2020-06-28 07:22:50'),
(1346, 35, 24, 1, '2020-02-09 07:22:50'),
(1347, 39, 7, 3, '2020-04-24 07:22:50'),
(1348, 39, 85, 3, '2020-02-23 07:22:50'),
(1349, 42, 35, 3, '2020-06-28 07:22:50'),
(1350, 28, 21, 3, '2020-11-07 07:22:50'),
(1351, 37, 85, 1, '2020-05-11 07:22:50'),
(1352, 43, 56, 1, '2020-12-09 07:22:50'),
(1353, 41, 55, 1, '2020-10-11 07:22:50'),
(1354, 23, 30, 2, '2020-11-17 07:22:50'),
(1355, 1, 48, 1, '2020-12-09 07:22:50'),
(1356, 24, 49, 3, '2020-11-14 07:22:50'),
(1357, 37, 48, 2, '2020-02-16 07:22:50'),
(1358, 9, 44, 2, '2020-09-20 07:22:50'),
(1359, 41, 75, 1, '2020-10-26 07:22:50'),
(1360, 11, 75, 2, '2020-02-09 07:22:50'),
(1361, 12, 16, 2, '2020-12-07 07:22:50'),
(1362, 12, 74, 1, '2020-01-18 07:22:50'),
(1363, 1, 6, 2, '2020-05-18 07:22:50'),
(1364, 15, 24, 1, '2020-05-06 07:22:50'),
(1365, 31, 79, 3, '2020-06-03 07:22:50'),
(1366, 37, 70, 1, '2020-10-20 07:22:50'),
(1367, 32, 50, 3, '2020-01-16 07:22:50'),
(1368, 33, 83, 1, '2020-12-07 07:22:50'),
(1369, 2, 69, 2, '2020-10-19 07:22:50'),
(1370, 26, 19, 1, '2020-11-23 07:22:50'),
(1371, 38, 63, 1, '2020-07-02 07:22:50'),
(1372, 14, 33, 2, '2020-02-10 07:22:50'),
(1373, 20, 10, 1, '2020-05-18 07:22:50'),
(1374, 24, 22, 1, '2020-01-07 07:22:50'),
(1375, 33, 49, 1, '2020-07-15 07:22:50'),
(1376, 4, 50, 3, '2020-09-05 07:22:50'),
(1377, 4, 82, 1, '2020-09-19 07:22:50'),
(1378, 13, 52, 1, '2020-12-28 07:22:50'),
(1379, 19, 17, 2, '2020-06-28 07:22:50'),
(1380, 17, 72, 1, '2020-11-01 07:22:50'),
(1381, 22, 30, 2, '2020-03-16 07:22:50'),
(1382, 14, 82, 1, '2020-04-11 07:22:50'),
(1383, 28, 35, 1, '2020-02-19 07:22:50'),
(1384, 8, 21, 3, '2020-07-10 07:22:50'),
(1385, 16, 66, 1, '2020-12-26 07:22:50'),
(1386, 12, 8, 3, '2020-07-19 07:22:50'),
(1387, 9, 49, 2, '2020-01-19 07:22:50'),
(1388, 29, 20, 1, '2020-11-08 07:22:50'),
(1389, 5, 15, 2, '2020-05-26 07:22:50'),
(1390, 5, 46, 1, '2020-07-24 07:22:50'),
(1391, 35, 40, 1, '2020-09-01 07:22:50'),
(1392, 19, 4, 2, '2020-08-07 07:22:50'),
(1393, 5, 28, 2, '2020-02-09 07:22:50'),
(1394, 38, 39, 2, '2020-09-19 07:22:50'),
(1395, 30, 59, 3, '2020-02-06 07:22:50'),
(1396, 20, 59, 1, '2020-01-22 07:22:50'),
(1397, 2, 36, 2, '2020-09-27 07:22:50'),
(1398, 16, 22, 3, '2020-05-11 07:22:50'),
(1399, 8, 36, 2, '2020-12-16 07:22:50'),
(1400, 13, 69, 1, '2020-11-02 07:22:50'),
(1401, 33, 29, 1, '2020-04-12 07:22:50'),
(1402, 39, 79, 2, '2020-02-07 07:22:50'),
(1403, 10, 12, 3, '2020-07-21 07:22:50'),
(1404, 9, 48, 1, '2020-09-26 07:22:50'),
(1405, 13, 71, 1, '2020-02-03 07:22:50'),
(1406, 41, 78, 1, '2020-04-18 07:22:50'),
(1407, 39, 78, 2, '2020-07-07 07:22:50'),
(1408, 3, 62, 3, '2020-07-17 07:22:50'),
(1409, 33, 69, 3, '2020-01-25 07:22:50'),
(1410, 39, 4, 2, '2020-06-14 07:22:50'),
(1411, 38, 57, 1, '2020-03-12 07:22:50'),
(1412, 41, 42, 1, '2020-04-11 07:22:50'),
(1413, 4, 31, 2, '2020-01-06 07:22:50'),
(1414, 40, 83, 3, '2020-05-04 07:22:50'),
(1415, 44, 22, 1, '2020-01-05 07:22:50'),
(1416, 25, 42, 1, '2020-04-05 07:22:50'),
(1417, 27, 82, 2, '2020-11-27 07:22:50'),
(1418, 28, 2, 3, '2020-08-21 07:22:50'),
(1419, 16, 54, 3, '2020-10-12 07:22:50'),
(1420, 35, 20, 3, '2020-02-08 07:22:50'),
(1421, 2, 30, 2, '2020-09-26 07:22:50'),
(1422, 8, 74, 3, '2020-03-21 07:22:50'),
(1423, 12, 43, 2, '2020-01-10 07:22:50'),
(1424, 2, 44, 2, '2020-03-06 07:22:50'),
(1425, 37, 51, 2, '2020-08-06 07:22:50'),
(1426, 14, 3, 3, '2020-12-13 07:22:50'),
(1427, 15, 25, 2, '2020-03-27 07:22:50'),
(1428, 7, 42, 2, '2020-10-16 07:22:50'),
(1429, 8, 39, 1, '2020-09-24 07:22:50'),
(1430, 31, 85, 3, '2020-05-17 07:22:50'),
(1431, 17, 18, 2, '2020-10-08 07:22:50'),
(1432, 32, 67, 2, '2020-07-20 07:22:50'),
(1433, 4, 18, 2, '2020-01-15 07:22:50'),
(1434, 9, 65, 1, '2020-07-11 07:22:50'),
(1435, 38, 62, 2, '2020-10-05 07:22:50'),
(1436, 17, 29, 3, '2020-07-24 07:22:50'),
(1437, 25, 66, 2, '2020-11-04 07:22:50'),
(1438, 27, 40, 1, '2020-04-18 07:22:50'),
(1439, 5, 57, 2, '2020-12-26 07:22:50'),
(1440, 24, 23, 3, '2020-09-21 07:22:50'),
(1441, 30, 25, 3, '2020-06-16 07:22:50'),
(1442, 34, 35, 3, '2020-04-17 07:22:50'),
(1443, 14, 29, 2, '2020-04-17 07:22:50'),
(1444, 4, 71, 1, '2020-09-11 07:22:50'),
(1445, 4, 14, 1, '2020-09-12 07:22:50'),
(1446, 16, 65, 2, '2020-10-02 07:22:50'),
(1447, 24, 81, 1, '2020-01-16 07:22:50'),
(1448, 6, 25, 2, '2020-07-25 07:22:50'),
(1449, 39, 61, 2, '2020-11-08 07:22:50'),
(1450, 37, 25, 2, '2020-05-22 07:22:50'),
(1451, 18, 60, 1, '2020-05-09 07:22:50'),
(1452, 41, 66, 3, '2020-04-15 07:22:50'),
(1453, 7, 77, 3, '2020-11-20 07:22:50'),
(1454, 7, 45, 2, '2020-10-19 07:22:50'),
(1455, 34, 60, 3, '2020-11-12 07:22:50'),
(1456, 38, 37, 1, '2020-04-12 07:22:50'),
(1457, 18, 66, 2, '2020-08-06 07:22:50'),
(1458, 37, 78, 1, '2020-08-23 07:22:50'),
(1459, 43, 67, 2, '2020-09-17 07:22:50'),
(1460, 10, 75, 3, '2020-05-22 07:22:50'),
(1461, 37, 7, 3, '2020-12-22 07:22:50'),
(1462, 28, 85, 3, '2020-03-05 07:22:50'),
(1463, 29, 82, 1, '2020-10-18 07:22:50'),
(1464, 9, 45, 2, '2020-08-01 07:22:50'),
(1465, 18, 32, 1, '2020-10-09 07:22:50'),
(1466, 1, 12, 3, '2020-01-06 07:22:50'),
(1467, 23, 61, 2, '2020-03-17 07:22:50'),
(1468, 29, 22, 3, '2020-07-20 07:22:50'),
(1469, 42, 13, 2, '2020-07-12 07:22:50'),
(1470, 22, 58, 1, '2020-02-17 07:22:50'),
(1471, 22, 63, 1, '2020-01-14 07:22:50'),
(1472, 28, 10, 2, '2020-02-12 07:22:50'),
(1473, 35, 72, 3, '2020-08-18 07:22:50'),
(1474, 24, 64, 2, '2020-01-25 07:22:50'),
(1475, 9, 61, 2, '2020-08-11 07:22:50'),
(1476, 1, 42, 3, '2020-05-09 07:22:50'),
(1477, 9, 69, 1, '2020-03-26 07:22:50'),
(1478, 3, 70, 2, '2020-05-27 07:22:50'),
(1479, 7, 76, 2, '2020-04-18 07:22:50'),
(1480, 13, 51, 3, '2020-06-19 07:22:50'),
(1481, 2, 72, 1, '2020-08-17 07:22:50'),
(1482, 43, 36, 2, '2020-07-11 07:22:50'),
(1483, 21, 13, 2, '2020-02-04 07:22:50'),
(1484, 5, 34, 3, '2020-09-10 07:22:50'),
(1485, 42, 34, 3, '2020-01-05 07:22:50'),
(1486, 13, 34, 3, '2020-09-06 07:22:50'),
(1487, 10, 4, 1, '2020-01-01 07:22:50'),
(1488, 16, 44, 3, '2020-08-09 07:22:50'),
(1489, 7, 2, 3, '2020-11-06 07:22:50'),
(1490, 41, 53, 1, '2020-12-03 07:22:50'),
(1491, 32, 32, 2, '2020-05-18 07:22:50'),
(1492, 23, 35, 3, '2020-04-11 07:22:50'),
(1493, 44, 10, 2, '2020-04-07 07:22:50'),
(1494, 34, 78, 2, '2020-03-20 07:22:50'),
(1495, 4, 81, 3, '2020-04-03 07:22:50'),
(1496, 2, 60, 1, '2020-09-25 07:22:50'),
(1497, 39, 69, 3, '2020-02-09 07:22:50'),
(1498, 10, 31, 3, '2020-01-14 07:22:50'),
(1499, 22, 37, 3, '2020-09-15 07:22:50'),
(1500, 28, 46, 3, '2020-02-17 07:22:50'),
(1501, 20, 52, 1, '2020-02-04 07:22:50'),
(1502, 4, 19, 3, '2020-09-19 07:22:50'),
(1503, 19, 51, 1, '2020-06-12 07:22:50'),
(1504, 25, 46, 2, '2020-03-01 07:22:50'),
(1505, 2, 22, 3, '2020-09-15 07:22:50'),
(1506, 29, 64, 1, '2020-04-24 07:22:50'),
(1507, 33, 47, 3, '2020-07-03 07:22:50'),
(1508, 42, 41, 1, '2020-09-20 07:22:50'),
(1509, 10, 57, 1, '2020-07-20 07:22:50'),
(1510, 7, 52, 3, '2020-07-02 07:22:50'),
(1511, 9, 42, 2, '2020-10-22 07:22:50'),
(1512, 38, 70, 2, '2020-11-24 07:22:50'),
(1513, 36, 17, 3, '2020-12-06 07:22:50'),
(1514, 12, 84, 2, '2020-04-09 07:22:50'),
(1515, 2, 34, 3, '2020-02-06 07:22:50'),
(1516, 19, 49, 2, '2020-02-14 07:22:50'),
(1517, 4, 1, 2, '2020-09-05 07:22:50'),
(1518, 36, 26, 2, '2020-01-21 07:22:50'),
(1519, 4, 18, 2, '2020-03-14 07:22:50'),
(1520, 22, 82, 1, '2020-09-05 07:22:50'),
(1521, 31, 13, 1, '2020-08-24 07:22:50'),
(1522, 43, 71, 3, '2020-07-14 07:22:50'),
(1523, 4, 62, 1, '2020-08-06 07:22:50'),
(1524, 33, 69, 1, '2020-03-09 07:22:50'),
(1525, 42, 43, 3, '2020-08-11 07:22:50'),
(1526, 18, 82, 1, '2020-10-05 07:22:50'),
(1527, 4, 84, 2, '2020-03-19 07:22:50'),
(1528, 42, 63, 2, '2020-09-21 07:22:50'),
(1529, 34, 19, 2, '2020-01-05 07:22:50'),
(1530, 16, 25, 1, '2020-03-03 07:22:50'),
(1531, 8, 40, 2, '2020-10-21 07:22:50'),
(1532, 16, 62, 1, '2020-09-25 07:22:50'),
(1533, 37, 78, 2, '2020-11-21 07:22:50'),
(1534, 44, 57, 1, '2020-06-10 07:22:50'),
(1535, 43, 24, 3, '2020-11-17 07:22:50'),
(1536, 15, 10, 2, '2020-11-08 07:22:50'),
(1537, 14, 71, 1, '2020-10-12 07:22:50'),
(1538, 29, 12, 3, '2020-06-22 07:22:50'),
(1539, 38, 23, 2, '2020-05-21 07:22:50'),
(1540, 40, 4, 1, '2020-01-24 07:22:50'),
(1541, 30, 82, 1, '2020-12-01 07:22:50'),
(1542, 16, 81, 3, '2020-07-10 07:22:50'),
(1543, 25, 37, 2, '2020-11-21 07:22:50'),
(1544, 28, 21, 2, '2020-06-16 07:22:50'),
(1545, 20, 49, 2, '2020-08-18 07:22:50'),
(1546, 29, 56, 2, '2020-11-07 07:22:50'),
(1547, 19, 58, 3, '2020-04-21 07:22:50'),
(1548, 27, 38, 1, '2020-05-22 07:22:50'),
(1549, 21, 50, 3, '2020-07-10 07:22:50'),
(1550, 8, 40, 2, '2020-10-13 07:22:50'),
(1551, 36, 32, 3, '2020-04-27 07:22:50'),
(1552, 24, 8, 2, '2020-04-16 07:22:50'),
(1553, 29, 51, 1, '2020-04-25 07:22:50'),
(1554, 1, 74, 3, '2020-12-05 07:22:50'),
(1555, 32, 20, 2, '2020-03-25 07:22:50'),
(1556, 25, 63, 2, '2020-07-12 07:22:50'),
(1557, 18, 63, 3, '2020-04-08 07:22:50'),
(1558, 41, 22, 2, '2020-11-22 07:22:50'),
(1559, 43, 32, 3, '2020-07-14 07:22:50'),
(1560, 10, 20, 3, '2020-09-12 07:22:50'),
(1561, 8, 69, 1, '2020-06-24 07:22:50'),
(1562, 15, 61, 3, '2020-08-10 07:22:50'),
(1563, 6, 20, 2, '2020-07-14 07:22:50'),
(1564, 26, 50, 1, '2020-09-28 07:22:50'),
(1565, 21, 2, 2, '2020-10-27 07:22:50'),
(1566, 15, 77, 2, '2020-05-18 07:22:50'),
(1567, 25, 25, 2, '2020-11-20 07:22:50'),
(1568, 44, 20, 2, '2020-12-20 07:22:50'),
(1569, 40, 11, 3, '2020-12-24 07:22:50'),
(1570, 32, 21, 2, '2020-11-06 07:22:50'),
(1571, 26, 81, 1, '2020-12-12 07:22:50'),
(1572, 26, 70, 3, '2020-12-11 07:22:50'),
(1573, 22, 11, 1, '2020-11-13 07:22:50'),
(1574, 34, 17, 3, '2020-11-18 07:22:50'),
(1575, 20, 76, 2, '2020-11-15 07:22:50'),
(1576, 2, 47, 3, '2020-12-27 07:22:50'),
(1577, 7, 44, 1, '2020-12-25 07:22:50'),
(1578, 17, 40, 3, '2020-11-08 07:22:50'),
(1579, 28, 18, 2, '2020-11-24 07:22:50'),
(1580, 4, 48, 3, '2020-11-02 07:22:50'),
(1581, 44, 39, 1, '2020-11-27 07:22:50'),
(1582, 7, 70, 2, '2020-11-06 07:22:50'),
(1583, 12, 82, 1, '2020-11-18 07:22:50'),
(1584, 11, 14, 2, '2020-11-05 07:22:50'),
(1585, 6, 29, 3, '2020-12-18 07:22:50'),
(1586, 41, 60, 3, '2020-12-28 07:22:50'),
(1587, 28, 44, 1, '2020-11-05 07:22:50'),
(1588, 43, 49, 3, '2020-12-02 07:22:50'),
(1589, 32, 4, 2, '2020-11-17 07:22:50'),
(1590, 40, 44, 2, '2020-12-24 07:22:50'),
(1591, 37, 76, 1, '2020-12-23 07:22:50'),
(1592, 39, 85, 2, '2020-12-03 07:22:50'),
(1593, 42, 74, 3, '2020-11-14 07:22:50'),
(1594, 13, 67, 1, '2020-11-15 07:22:50'),
(1595, 1, 24, 2, '2020-12-06 07:22:50'),
(1596, 7, 85, 3, '2020-12-11 07:22:50'),
(1597, 38, 66, 3, '2020-12-01 07:22:50'),
(1598, 40, 33, 3, '2020-12-10 07:22:50'),
(1599, 30, 60, 2, '2020-11-05 07:22:50'),
(1600, 28, 43, 1, '2020-12-09 07:22:50'),
(1601, 20, 10, 2, '2020-12-17 07:22:50'),
(1602, 16, 67, 3, '2020-12-10 07:22:50'),
(1603, 24, 75, 1, '2020-12-11 07:22:50'),
(1604, 14, 34, 1, '2020-11-07 07:22:50'),
(1605, 30, 65, 1, '2020-12-19 07:22:50'),
(1606, 2, 74, 3, '2020-11-17 07:22:50'),
(1607, 6, 57, 3, '2020-11-16 07:22:50'),
(1608, 7, 19, 2, '2020-12-04 07:22:50'),
(1609, 32, 39, 1, '2020-12-23 07:22:50'),
(1610, 30, 28, 3, '2020-11-04 07:22:50'),
(1611, 39, 84, 3, '2020-11-21 07:22:50'),
(1612, 23, 52, 1, '2020-12-10 07:22:50'),
(1613, 16, 68, 2, '2020-11-22 07:22:50'),
(1614, 30, 47, 3, '2020-11-03 07:22:50'),
(1615, 10, 19, 3, '2020-11-07 07:22:50'),
(1616, 13, 49, 1, '2020-12-27 07:22:50'),
(1617, 42, 77, 2, '2020-12-05 07:22:50'),
(1618, 21, 39, 2, '2020-11-09 07:22:50'),
(1619, 41, 49, 3, '2020-11-26 07:22:50'),
(1620, 34, 6, 3, '2020-12-07 07:22:50'),
(1621, 1, 13, 3, '2020-12-06 07:22:50'),
(1622, 30, 18, 1, '2020-11-19 07:22:50'),
(1623, 31, 37, 3, '2020-11-15 07:22:50'),
(1624, 37, 5, 3, '2020-11-24 07:22:50'),
(1625, 10, 44, 3, '2020-12-09 07:22:50'),
(1626, 35, 56, 1, '2020-12-12 07:22:50'),
(1627, 36, 81, 2, '2020-11-26 07:22:50'),
(1628, 4, 11, 1, '2020-12-27 07:22:50'),
(1629, 44, 31, 3, '2020-11-12 07:22:50'),
(1630, 40, 50, 1, '2020-12-16 07:22:50'),
(1631, 27, 21, 2, '2020-11-04 07:22:50'),
(1632, 5, 28, 1, '2020-11-21 07:22:50'),
(1633, 5, 41, 1, '2020-12-19 07:22:50'),
(1634, 42, 74, 1, '2020-11-04 07:22:50'),
(1635, 13, 29, 3, '2020-12-06 07:22:50'),
(1636, 43, 83, 1, '2020-12-24 07:22:50'),
(1637, 24, 47, 3, '2020-11-04 07:22:50'),
(1638, 44, 6, 3, '2020-12-03 07:22:50'),
(1639, 12, 5, 1, '2020-12-25 07:22:50'),
(1640, 24, 17, 2, '2020-12-21 07:22:50'),
(1641, 42, 75, 3, '2020-11-20 07:22:50'),
(1642, 22, 8, 2, '2020-11-03 07:22:50'),
(1643, 31, 23, 3, '2020-12-27 07:22:50'),
(1644, 6, 66, 1, '2020-11-10 07:22:50'),
(1645, 29, 25, 1, '2020-12-09 07:22:50'),
(1646, 23, 25, 1, '2020-11-16 07:22:50'),
(1647, 7, 22, 2, '2020-11-23 07:22:50'),
(1648, 20, 78, 2, '2020-12-27 07:22:50'),
(1649, 17, 13, 2, '2020-12-15 07:22:50'),
(1650, 13, 35, 3, '2020-12-10 07:22:50'),
(1651, 18, 16, 2, '2020-12-28 07:22:50'),
(1652, 43, 30, 3, '2020-11-07 07:22:50'),
(1653, 12, 39, 2, '2020-12-05 07:22:50'),
(1654, 36, 71, 1, '2020-12-22 07:22:50'),
(1655, 25, 19, 1, '2020-11-27 07:22:50'),
(1656, 35, 40, 1, '2020-11-19 07:22:50'),
(1657, 24, 33, 2, '2020-12-27 07:22:50'),
(1658, 36, 40, 3, '2020-12-22 07:22:50'),
(1659, 15, 81, 3, '2020-11-24 07:22:50'),
(1660, 33, 50, 1, '2020-11-10 07:22:50'),
(1661, 9, 72, 3, '2020-11-25 07:22:50'),
(1662, 24, 1, 3, '2020-11-12 07:22:50'),
(1663, 28, 30, 3, '2020-11-01 07:22:50'),
(1664, 6, 16, 3, '2020-12-28 07:22:50'),
(1665, 44, 62, 1, '2020-12-06 07:22:50'),
(1666, 43, 41, 3, '2020-11-16 07:22:50'),
(1667, 17, 84, 1, '2020-12-01 07:22:50'),
(1668, 20, 39, 1, '2020-12-02 07:22:50'),
(1669, 42, 32, 3, '2020-11-16 07:22:50'),
(1670, 18, 23, 1, '2020-12-01 07:22:50'),
(1671, 33, 3, 3, '2020-12-16 07:22:50'),
(1672, 8, 25, 3, '2020-11-13 07:22:50'),
(1673, 18, 12, 3, '2020-12-13 07:22:50'),
(1674, 16, 45, 3, '2020-11-27 07:22:50'),
(1675, 42, 41, 1, '2020-11-11 07:22:50'),
(1676, 24, 71, 2, '2020-12-26 07:22:50'),
(1677, 5, 53, 2, '2020-11-04 07:22:50'),
(1678, 17, 31, 2, '2020-11-05 07:22:50'),
(1679, 30, 78, 1, '2020-11-17 07:22:50'),
(1680, 8, 83, 1, '2020-12-16 07:22:50'),
(1681, 35, 51, 1, '2020-11-19 07:22:50'),
(1682, 5, 11, 1, '2020-12-25 07:22:50'),
(1683, 33, 46, 1, '2020-11-08 07:22:50'),
(1684, 21, 83, 2, '2020-11-07 07:22:50'),
(1685, 5, 85, 3, '2020-12-25 07:22:50'),
(1686, 8, 28, 3, '2020-12-07 07:22:50'),
(1687, 44, 71, 1, '2020-12-15 07:22:50'),
(1688, 35, 78, 1, '2020-11-01 07:22:50'),
(1689, 11, 42, 3, '2020-12-28 07:22:50'),
(1690, 11, 45, 3, '2020-12-07 07:22:50'),
(1691, 6, 58, 3, '2020-11-18 07:22:50'),
(1692, 15, 73, 1, '2020-12-25 07:22:50'),
(1693, 7, 75, 1, '2020-12-06 07:22:50'),
(1694, 26, 28, 2, '2020-12-09 07:22:50'),
(1695, 42, 67, 2, '2020-11-17 07:22:50'),
(1696, 10, 62, 1, '2020-11-08 07:22:50'),
(1697, 40, 36, 3, '2020-11-14 07:22:50'),
(1698, 40, 35, 3, '2020-11-03 07:22:50'),
(1699, 30, 15, 3, '2020-12-07 07:22:50'),
(1700, 22, 10, 2, '2020-11-25 07:22:50'),
(1701, 21, 75, 2, '2020-12-14 07:22:50'),
(1702, 26, 46, 2, '2020-12-09 07:22:50'),
(1703, 12, 3, 3, '2020-11-01 07:22:50'),
(1704, 24, 42, 3, '2020-11-10 07:22:50'),
(1705, 16, 28, 2, '2020-11-09 07:22:50'),
(1706, 40, 35, 2, '2020-12-03 07:22:50'),
(1707, 32, 4, 1, '2020-11-22 07:22:50'),
(1708, 32, 68, 2, '2020-12-26 07:22:50'),
(1709, 5, 74, 2, '2020-12-09 07:22:50'),
(1710, 16, 45, 2, '2020-12-12 07:22:50'),
(1711, 15, 25, 3, '2020-12-25 07:22:50'),
(1712, 30, 18, 2, '2020-11-09 07:22:50'),
(1713, 15, 34, 1, '2020-12-14 07:22:50'),
(1714, 26, 27, 2, '2020-12-20 07:22:50'),
(1715, 9, 41, 1, '2020-12-03 07:22:50'),
(1716, 31, 16, 1, '2020-11-03 07:22:50'),
(1717, 20, 18, 3, '2020-12-21 07:22:50'),
(1718, 22, 79, 2, '2020-12-15 07:22:50'),
(1719, 41, 84, 2, '2020-11-13 07:22:50'),
(1720, 18, 41, 3, '2020-11-12 07:22:50'),
(1721, 24, 26, 1, '2020-12-28 07:22:50'),
(1722, 39, 2, 1, '2020-11-11 07:22:50'),
(1723, 40, 63, 1, '2020-11-06 07:22:50'),
(1724, 1, 6, 2, '2020-12-06 07:22:50'),
(1725, 28, 23, 2, '2020-11-09 07:22:50'),
(1726, 40, 17, 3, '2020-12-28 07:22:50'),
(1727, 21, 52, 3, '2020-12-15 07:22:50'),
(1728, 30, 52, 1, '2020-11-24 07:22:50'),
(1729, 16, 73, 3, '2020-11-27 07:22:50'),
(1730, 7, 58, 1, '2020-11-09 07:22:50'),
(1731, 22, 77, 3, '2020-11-23 07:22:50'),
(1732, 7, 83, 1, '2020-12-07 07:22:50'),
(1733, 19, 43, 3, '2020-12-09 07:22:50'),
(1734, 6, 75, 1, '2020-12-13 07:22:50'),
(1735, 1, 50, 1, '2020-11-15 07:22:50'),
(1736, 32, 29, 1, '2020-11-23 07:22:50'),
(1737, 41, 80, 3, '2020-12-23 07:22:50'),
(1738, 40, 73, 3, '2020-11-14 07:22:50'),
(1739, 24, 80, 1, '2020-12-24 07:22:50'),
(1740, 9, 65, 1, '2020-11-18 07:22:50'),
(1741, 20, 70, 3, '2020-12-08 07:22:50'),
(1742, 38, 9, 1, '2020-12-19 07:22:50'),
(1743, 13, 68, 1, '2020-11-10 07:22:50'),
(1744, 23, 80, 3, '2020-11-13 07:22:50'),
(1745, 35, 23, 1, '2020-12-01 07:22:50'),
(1746, 34, 73, 1, '2020-11-24 07:22:50'),
(1747, 24, 77, 1, '2020-12-27 07:22:50'),
(1748, 16, 39, 2, '2020-12-09 07:22:50'),
(1749, 19, 64, 1, '2020-12-20 07:22:50'),
(1750, 37, 16, 2, '2020-11-05 07:22:50'),
(1751, 21, 28, 1, '2020-12-20 07:22:50'),
(1752, 40, 64, 3, '2020-12-19 07:22:50'),
(1753, 12, 32, 3, '2020-12-15 07:22:50'),
(1754, 21, 47, 2, '2020-11-20 07:22:50'),
(1755, 4, 27, 1, '2020-12-06 07:22:50'),
(1756, 36, 75, 2, '2020-12-01 07:22:50'),
(1757, 6, 64, 2, '2020-11-18 07:22:50'),
(1758, 37, 81, 2, '2020-11-06 07:22:50'),
(1759, 25, 17, 1, '2020-12-12 07:22:50'),
(1760, 18, 27, 2, '2020-12-16 07:22:50'),
(1761, 24, 35, 3, '2020-11-25 07:22:50'),
(1762, 8, 4, 3, '2020-12-16 07:22:50'),
(1763, 33, 54, 2, '2020-12-02 07:22:50'),
(1764, 16, 81, 1, '2020-11-01 07:22:50'),
(1765, 27, 15, 3, '2020-12-07 07:22:50'),
(1766, 13, 18, 3, '2020-12-13 07:22:50'),
(1767, 17, 19, 1, '2020-12-04 07:22:50'),
(1768, 14, 32, 2, '2020-11-08 07:22:50'),
(1769, 13, 31, 3, '2020-12-25 07:22:50'),
(1770, 43, 24, 2, '2020-11-07 07:22:50'),
(1771, 11, 10, 2, '2020-11-26 07:22:50'),
(1772, 6, 31, 1, '2020-11-19 07:22:50'),
(1773, 11, 70, 2, '2020-12-02 07:22:50'),
(1774, 2, 83, 3, '2020-12-19 07:22:50'),
(1775, 31, 24, 1, '2020-12-08 07:22:50'),
(1776, 3, 75, 2, '2020-11-20 07:22:50'),
(1777, 44, 27, 3, '2020-11-21 07:22:50'),
(1778, 23, 21, 2, '2020-12-07 07:22:50'),
(1779, 22, 49, 1, '2020-11-14 07:22:50'),
(1780, 43, 16, 1, '2020-11-11 07:22:50'),
(1781, 22, 37, 3, '2020-11-04 07:22:50'),
(1782, 24, 73, 2, '2020-12-13 07:22:50'),
(1783, 27, 69, 3, '2020-12-26 07:22:50'),
(1784, 2, 26, 3, '2020-12-02 07:22:50'),
(1785, 42, 79, 2, '2020-11-01 07:22:50'),
(1786, 42, 77, 2, '2020-12-03 07:22:50'),
(1787, 33, 16, 1, '2020-12-03 07:22:50'),
(1788, 36, 56, 3, '2020-12-10 07:22:50'),
(1789, 33, 21, 1, '2020-11-20 07:22:50'),
(1790, 1, 34, 2, '2020-12-12 07:22:50'),
(1791, 4, 19, 3, '2020-11-28 07:22:50'),
(1792, 23, 14, 2, '2020-12-22 07:22:50'),
(1793, 14, 73, 3, '2020-12-02 07:22:50'),
(1794, 13, 1, 1, '2020-11-15 07:22:50'),
(1795, 2, 60, 2, '2020-12-26 07:22:50'),
(1796, 30, 4, 3, '2020-12-21 07:22:50'),
(1797, 37, 27, 2, '2020-11-21 07:22:50'),
(1798, 26, 83, 1, '2020-12-16 07:22:50'),
(1799, 7, 22, 3, '2020-11-28 07:22:50'),
(1800, 40, 80, 1, '2020-12-20 07:22:50'),
(1801, 19, 67, 2, '2020-11-11 07:22:50'),
(1802, 31, 73, 3, '2020-12-27 07:22:50'),
(1803, 5, 85, 2, '2020-11-10 07:22:50'),
(1804, 2, 42, 2, '2020-12-27 07:22:50'),
(1805, 33, 10, 2, '2020-11-16 07:22:50'),
(1806, 17, 85, 2, '2020-11-21 07:22:50'),
(1807, 18, 15, 3, '2020-12-19 07:22:50'),
(1808, 1, 49, 1, '2020-11-12 07:22:50'),
(1809, 26, 10, 2, '2020-11-11 07:22:50'),
(1810, 23, 59, 2, '2020-11-16 07:22:50'),
(1811, 28, 29, 3, '2020-12-05 07:22:50'),
(1812, 14, 66, 3, '2020-11-23 07:22:50'),
(1813, 41, 63, 1, '2020-12-13 07:22:50'),
(1814, 41, 61, 1, '2020-12-17 07:22:50'),
(1815, 2, 14, 2, '2020-11-15 07:22:50'),
(1816, 19, 11, 3, '2020-11-27 07:22:50'),
(1817, 22, 46, 1, '2020-12-04 07:22:50'),
(1818, 26, 6, 2, '2020-11-02 07:22:50'),
(1819, 14, 26, 2, '2020-11-10 07:22:50'),
(1820, 4, 8, 1, '2020-11-16 07:22:50'),
(1821, 40, 2, 3, '2020-11-05 07:22:50'),
(1822, 31, 64, 2, '2020-11-07 07:22:50'),
(1823, 35, 78, 2, '2020-12-21 07:22:50'),
(1824, 18, 12, 2, '2020-12-10 07:22:50'),
(1825, 29, 13, 2, '2020-12-06 07:22:50'),
(1826, 11, 56, 2, '2020-12-27 07:22:50'),
(1827, 40, 10, 3, '2020-11-22 07:22:50'),
(1828, 42, 84, 1, '2020-12-02 07:22:50'),
(1829, 39, 26, 1, '2020-12-15 07:22:50'),
(1830, 15, 40, 1, '2020-11-28 07:22:50'),
(1831, 25, 12, 3, '2020-12-16 07:22:50'),
(1832, 2, 77, 3, '2020-12-03 07:22:50'),
(1833, 17, 25, 2, '2020-11-09 07:22:50'),
(1834, 8, 25, 1, '2020-11-17 07:22:50'),
(1835, 38, 35, 2, '2020-11-23 07:22:50'),
(1836, 33, 68, 1, '2020-11-21 07:22:50'),
(1837, 34, 11, 1, '2020-12-25 07:22:50'),
(1838, 1, 37, 1, '2020-12-02 07:22:50'),
(1839, 16, 11, 1, '2020-11-03 07:22:50'),
(1840, 19, 8, 3, '2020-12-18 07:22:50'),
(1841, 37, 78, 2, '2020-11-18 07:22:50'),
(1842, 13, 39, 1, '2020-11-26 07:22:50'),
(1843, 21, 84, 1, '2020-11-10 07:22:50'),
(1844, 6, 79, 1, '2020-11-10 07:22:50'),
(1845, 28, 84, 3, '2020-12-10 07:22:50'),
(1846, 1, 61, 2, '2020-12-27 07:22:50'),
(1847, 19, 68, 2, '2020-12-28 07:22:50'),
(1848, 31, 39, 3, '2020-11-02 07:22:50'),
(1849, 24, 51, 2, '2020-11-06 07:22:50'),
(1850, 4, 60, 2, '2020-12-26 07:22:50'),
(1851, 10, 4, 1, '2020-12-07 07:22:50'),
(1852, 21, 30, 3, '2020-12-02 07:22:50'),
(1853, 40, 82, 2, '2020-11-28 07:22:50'),
(1854, 22, 75, 2, '2020-11-02 07:22:50'),
(1855, 8, 42, 2, '2020-11-07 07:22:50'),
(1856, 33, 37, 3, '2020-12-02 07:22:50'),
(1857, 21, 61, 1, '2020-11-04 07:22:50'),
(1858, 5, 42, 3, '2020-12-19 07:22:50'),
(1859, 12, 44, 1, '2020-12-14 07:22:50'),
(1860, 23, 81, 3, '2020-12-18 07:22:50'),
(1861, 9, 77, 3, '2020-12-22 07:22:50'),
(1862, 18, 49, 1, '2020-12-08 07:22:50'),
(1863, 24, 38, 2, '2020-12-18 07:22:50'),
(1864, 3, 18, 2, '2020-11-27 07:22:50'),
(1865, 2, 25, 1, '2020-12-27 07:22:50'),
(1866, 33, 43, 1, '2020-12-12 07:22:50'),
(1867, 22, 13, 3, '2020-11-15 07:22:50'),
(1868, 15, 42, 2, '2020-12-24 07:22:50'),
(1869, 41, 1, 1, '2020-12-02 07:22:50'),
(1870, 44, 32, 1, '2020-12-06 07:22:50'),
(1871, 13, 26, 1, '2020-11-15 07:22:50'),
(1872, 21, 37, 3, '2020-12-18 07:22:50'),
(1873, 1, 23, 2, '2020-12-07 07:22:50'),
(1874, 22, 62, 3, '2020-12-27 07:22:50'),
(1875, 43, 17, 3, '2020-11-09 07:22:50'),
(1876, 34, 26, 2, '2020-11-11 07:22:50'),
(1877, 29, 26, 1, '2020-11-18 07:22:50'),
(1878, 38, 33, 1, '2020-12-11 07:22:50'),
(1879, 1, 71, 1, '2020-11-19 07:22:50'),
(1880, 11, 56, 3, '2020-12-11 07:22:50'),
(1881, 16, 7, 1, '2020-12-14 07:22:50'),
(1882, 19, 63, 3, '2020-12-27 07:22:50'),
(1883, 2, 29, 2, '2020-11-18 07:22:50'),
(1884, 4, 21, 2, '2020-12-17 07:22:50'),
(1885, 32, 27, 2, '2020-11-02 07:22:50'),
(1886, 21, 61, 2, '2020-11-20 07:22:50'),
(1887, 43, 7, 3, '2020-12-27 07:22:50'),
(1888, 32, 52, 2, '2020-11-22 07:22:50'),
(1889, 10, 17, 2, '2020-11-23 07:22:50'),
(1890, 37, 53, 2, '2020-12-11 07:22:50'),
(1891, 11, 7, 2, '2020-11-25 07:22:50'),
(1892, 29, 34, 1, '2020-11-28 07:22:50'),
(1893, 12, 25, 2, '2020-11-02 07:22:50'),
(1894, 11, 21, 2, '2020-12-19 07:22:50'),
(1895, 18, 38, 2, '2020-11-19 07:22:50'),
(1896, 23, 9, 1, '2020-11-15 07:22:50'),
(1897, 14, 6, 1, '2020-11-01 07:22:50'),
(1898, 34, 3, 1, '2020-12-16 07:22:50'),
(1899, 29, 50, 1, '2020-11-15 07:22:50'),
(1900, 35, 77, 2, '2020-12-07 07:22:50'),
(1901, 12, 53, 2, '2020-11-04 07:22:50'),
(1902, 27, 68, 3, '2020-11-05 07:22:50'),
(1903, 29, 52, 1, '2020-12-13 07:22:50'),
(1904, 38, 57, 3, '2020-11-21 07:22:50'),
(1905, 32, 63, 3, '2020-12-02 07:22:50'),
(1906, 14, 26, 3, '2020-11-28 07:22:50'),
(1907, 40, 22, 2, '2020-11-13 07:22:50'),
(1908, 41, 40, 3, '2020-12-07 07:22:50'),
(1909, 40, 60, 3, '2020-11-21 07:22:50'),
(1910, 23, 49, 2, '2020-12-24 07:22:50'),
(1911, 29, 41, 3, '2020-12-19 07:22:50'),
(1912, 6, 84, 2, '2020-11-04 07:22:50'),
(1913, 32, 4, 1, '2020-12-02 07:22:50'),
(1914, 21, 19, 1, '2020-11-14 07:22:50'),
(1915, 28, 85, 1, '2020-11-28 07:22:50'),
(1916, 38, 61, 3, '2020-12-10 07:22:50'),
(1917, 7, 39, 1, '2020-11-17 07:22:50'),
(1918, 8, 81, 3, '2020-11-23 07:22:50'),
(1919, 21, 39, 2, '2020-11-06 07:22:50'),
(1920, 14, 81, 1, '2020-12-12 07:22:50'),
(1921, 30, 47, 3, '2020-12-08 07:22:50'),
(1922, 26, 71, 2, '2020-12-02 07:22:50'),
(1923, 38, 28, 1, '2020-11-14 07:22:50'),
(1924, 35, 54, 2, '2020-11-10 07:22:50'),
(1925, 37, 48, 1, '2020-11-01 07:22:50'),
(1926, 22, 16, 2, '2020-12-12 07:22:50'),
(1927, 18, 44, 3, '2020-11-16 07:22:50'),
(1928, 3, 82, 3, '2020-11-16 07:22:50'),
(1929, 6, 16, 2, '2020-11-20 07:22:50'),
(1930, 23, 62, 2, '2020-12-25 07:22:50'),
(1931, 21, 83, 3, '2020-12-21 07:22:50'),
(1932, 41, 79, 1, '2020-12-07 07:22:50'),
(1933, 6, 5, 3, '2020-12-23 07:22:50'),
(1934, 33, 79, 2, '2020-12-19 07:22:50'),
(1935, 27, 83, 2, '2020-12-27 07:22:50'),
(1936, 12, 36, 3, '2020-12-13 07:22:50'),
(1937, 40, 48, 3, '2020-12-09 07:22:50'),
(1938, 44, 32, 1, '2020-11-07 07:22:50'),
(1939, 34, 48, 1, '2020-11-21 07:22:50'),
(1940, 44, 26, 3, '2020-12-09 07:22:50'),
(1941, 25, 37, 1, '2020-12-12 07:22:50'),
(1942, 27, 33, 2, '2020-11-24 07:22:50'),
(1943, 40, 22, 1, '2020-11-25 07:22:50'),
(1944, 29, 83, 2, '2020-11-24 07:22:50'),
(1945, 10, 37, 1, '2020-12-25 07:22:50'),
(1946, 10, 67, 2, '2020-12-02 07:22:50'),
(1947, 22, 24, 3, '2020-12-24 07:22:50'),
(1948, 6, 67, 2, '2020-12-07 07:22:50'),
(1949, 25, 8, 2, '2020-11-16 07:22:50'),
(1950, 20, 76, 1, '2020-12-25 07:22:50'),
(1951, 3, 60, 1, '2020-11-11 07:22:50'),
(1952, 15, 84, 1, '2020-11-04 07:22:50'),
(1953, 1, 8, 1, '2020-12-07 07:22:50'),
(1954, 19, 56, 1, '2020-12-14 07:22:50'),
(1955, 23, 23, 3, '2020-11-24 07:22:50'),
(1956, 35, 57, 1, '2020-11-15 07:22:50'),
(1957, 3, 25, 1, '2020-12-18 07:22:50'),
(1958, 31, 33, 1, '2020-11-09 07:22:50'),
(1959, 22, 58, 1, '2020-12-16 07:22:50'),
(1960, 11, 16, 1, '2020-12-04 07:22:50'),
(1961, 39, 66, 2, '2020-11-24 07:22:50'),
(1962, 24, 43, 1, '2020-11-11 07:22:50'),
(1963, 38, 80, 2, '2020-12-18 07:22:50'),
(1964, 16, 49, 2, '2020-11-12 07:22:50'),
(1965, 2, 37, 2, '2020-11-19 07:22:50'),
(1966, 9, 73, 3, '2020-12-06 07:22:50'),
(1967, 25, 10, 2, '2020-11-28 07:22:50'),
(1968, 23, 1, 1, '2020-11-27 07:22:50'),
(1969, 26, 50, 2, '2020-12-26 07:22:50'),
(1970, 7, 58, 2, '2020-12-28 07:22:50'),
(1971, 14, 6, 3, '2020-12-12 07:22:50'),
(1972, 30, 61, 3, '2020-12-19 07:22:50'),
(1973, 4, 51, 2, '2020-11-18 07:22:50'),
(1974, 18, 52, 2, '2020-11-04 07:22:50'),
(1975, 5, 50, 1, '2020-12-15 07:22:50'),
(1976, 17, 21, 1, '2020-12-07 07:22:50'),
(1977, 38, 51, 1, '2020-11-26 07:22:50'),
(1978, 19, 27, 1, '2020-11-17 07:22:50'),
(1979, 35, 2, 2, '2020-12-09 07:22:50'),
(1980, 27, 46, 1, '2020-11-04 07:22:50'),
(1981, 33, 19, 1, '2020-12-02 07:22:50'),
(1982, 33, 64, 3, '2020-11-18 07:22:50'),
(1983, 24, 8, 2, '2020-11-08 07:22:50'),
(1984, 30, 25, 3, '2020-12-27 07:22:50'),
(1985, 4, 54, 3, '2020-11-07 07:22:50'),
(1986, 42, 22, 3, '2020-12-25 07:22:50'),
(1987, 7, 22, 1, '2020-12-18 07:22:50'),
(1988, 10, 65, 2, '2020-12-19 07:22:50'),
(1989, 43, 72, 2, '2020-12-04 07:22:50'),
(1990, 39, 17, 2, '2020-12-19 07:22:50'),
(1991, 31, 45, 1, '2020-12-11 07:22:50'),
(1992, 13, 85, 1, '2020-12-04 07:22:50'),
(1993, 18, 30, 3, '2020-12-26 07:22:50'),
(1994, 33, 32, 3, '2020-12-20 07:22:50'),
(1995, 28, 54, 2, '2020-12-27 07:22:50'),
(1996, 25, 4, 1, '2020-11-24 07:22:50'),
(1997, 35, 25, 1, '2020-12-03 07:22:50'),
(1998, 43, 1, 2, '2020-12-14 07:22:50'),
(1999, 27, 83, 3, '2020-12-24 07:22:50'),
(2000, 6, 48, 1, '2020-12-14 07:22:50'),
(2001, 33, 67, 1, '2020-11-12 07:22:50'),
(2002, 44, 81, 3, '2020-11-06 07:22:50'),
(2003, 43, 44, 1, '2020-11-20 07:22:50'),
(2004, 27, 50, 2, '2020-12-27 07:22:50'),
(2005, 16, 71, 3, '2020-11-22 07:22:50'),
(2006, 42, 6, 1, '2020-12-25 07:22:50'),
(2007, 31, 55, 1, '2020-12-10 07:22:50'),
(2008, 12, 72, 2, '2020-11-28 07:22:50'),
(2009, 26, 60, 3, '2020-11-20 07:22:50'),
(2010, 28, 54, 2, '2020-12-16 07:22:50'),
(2011, 34, 35, 1, '2020-11-27 07:22:50'),
(2012, 17, 37, 2, '2020-11-17 07:22:50'),
(2013, 4, 84, 1, '2020-11-05 07:22:50'),
(2014, 6, 49, 2, '2020-11-11 07:22:50'),
(2015, 3, 46, 2, '2020-12-01 07:22:50'),
(2016, 11, 53, 2, '2020-12-24 07:22:50'),
(2017, 20, 84, 3, '2020-11-08 07:22:50'),
(2018, 28, 62, 2, '2020-11-28 07:22:50'),
(2019, 38, 34, 2, '2020-11-01 07:22:50'),
(2020, 30, 59, 2, '2020-12-13 07:22:50'),
(2021, 6, 36, 1, '2020-12-05 07:22:50'),
(2022, 36, 74, 1, '2020-12-17 07:22:50'),
(2023, 9, 56, 2, '2020-12-01 07:22:50'),
(2024, 1, 82, 1, '2020-11-15 07:22:50'),
(2025, 5, 12, 1, '2020-11-05 07:22:50'),
(2026, 33, 21, 1, '2020-11-14 07:22:50'),
(2027, 15, 23, 2, '2020-12-20 07:22:50'),
(2028, 36, 51, 2, '2020-11-28 07:22:50'),
(2029, 23, 51, 3, '2020-11-19 07:22:50'),
(2030, 15, 65, 3, '2020-12-25 07:22:50'),
(2031, 44, 65, 2, '2020-12-02 07:22:50'),
(2032, 43, 5, 3, '2020-11-25 07:22:50'),
(2033, 5, 56, 3, '2020-12-21 07:22:50'),
(2034, 30, 26, 2, '2020-12-20 07:22:50'),
(2035, 35, 29, 2, '2020-11-09 07:22:50'),
(2036, 6, 34, 1, '2020-11-13 07:22:50'),
(2037, 4, 15, 1, '2020-11-07 07:22:50'),
(2038, 14, 78, 3, '2020-11-04 07:22:50'),
(2039, 25, 7, 3, '2020-11-26 07:22:50'),
(2040, 29, 57, 2, '2020-12-22 07:22:50'),
(2041, 35, 43, 1, '2020-11-10 07:22:50'),
(2042, 35, 31, 3, '2020-11-20 07:22:50'),
(2043, 11, 20, 3, '2020-11-27 07:22:50'),
(2044, 39, 12, 1, '2020-11-20 07:22:50'),
(2045, 34, 40, 2, '2020-11-18 07:22:50'),
(2046, 7, 29, 2, '2020-11-19 07:22:50'),
(2047, 23, 8, 1, '2020-12-06 07:22:50'),
(2048, 38, 19, 1, '2020-12-26 07:22:50'),
(2049, 36, 63, 3, '2020-11-26 07:22:50'),
(2050, 33, 66, 2, '2020-12-20 07:22:50'),
(2051, 41, 74, 3, '2020-12-22 07:22:50'),
(2052, 14, 37, 3, '2020-11-22 07:22:50'),
(2053, 30, 18, 2, '2020-11-16 07:22:50'),
(2054, 16, 39, 2, '2020-12-13 07:22:50'),
(2055, 43, 42, 3, '2020-12-05 07:22:50'),
(2056, 35, 60, 3, '2020-12-05 07:22:50'),
(2057, 27, 11, 1, '2020-11-25 07:22:50'),
(2058, 18, 71, 3, '2020-11-26 07:22:50'),
(2059, 12, 43, 2, '2020-12-11 07:22:50'),
(2060, 34, 5, 2, '2020-12-14 07:22:50'),
(2061, 19, 50, 3, '2020-11-09 07:22:50'),
(2062, 2, 5, 1, '2020-11-14 07:22:50'),
(2063, 44, 70, 1, '2020-12-23 07:22:50'),
(2064, 13, 47, 1, '2020-12-07 07:22:50'),
(2065, 2, 42, 1, '2020-12-01 07:22:50'),
(2066, 15, 41, 1, '2020-12-10 07:22:50'),
(2067, 14, 32, 2, '2020-11-09 07:22:50'),
(2068, 5, 28, 3, '2020-12-26 07:22:50'),
(2069, 10, 35, 3, '2020-12-05 07:22:50'),
(2070, 38, 76, 3, '2020-11-06 07:22:50'),
(2071, 37, 46, 2, '2020-12-22 07:22:50'),
(2072, 14, 66, 2, '2020-12-24 07:22:50'),
(2073, 4, 47, 2, '2020-12-03 07:22:50'),
(2074, 26, 21, 1, '2020-11-23 07:22:50'),
(2075, 14, 22, 1, '2020-11-01 07:22:50'),
(2076, 3, 38, 2, '2020-12-04 07:22:50'),
(2077, 26, 48, 1, '2020-12-16 07:22:50'),
(2078, 8, 1, 2, '2020-11-05 07:22:50'),
(2079, 9, 82, 3, '2020-11-27 07:22:50'),
(2080, 29, 71, 1, '2020-11-18 07:22:50'),
(2081, 8, 62, 3, '2020-12-19 07:22:50'),
(2082, 40, 25, 2, '2020-11-09 07:22:50'),
(2083, 4, 7, 1, '2020-11-18 07:22:50'),
(2084, 13, 10, 2, '2020-12-15 07:22:50'),
(2085, 13, 47, 1, '2020-12-02 07:22:50'),
(2086, 38, 83, 2, '2020-12-24 07:22:50'),
(2087, 44, 25, 1, '2020-12-14 07:22:50'),
(2088, 33, 58, 2, '2020-11-10 07:22:50'),
(2089, 17, 64, 1, '2020-11-07 07:22:50'),
(2090, 16, 35, 2, '2020-12-28 07:22:50'),
(2091, 28, 18, 3, '2020-12-14 07:22:50'),
(2092, 9, 57, 3, '2020-12-20 07:22:50'),
(2093, 5, 10, 3, '2020-11-20 07:22:50'),
(2094, 43, 31, 3, '2020-12-21 07:22:50'),
(2095, 34, 23, 1, '2020-12-01 07:22:50'),
(2096, 14, 37, 2, '2020-12-19 07:22:50'),
(2097, 37, 64, 3, '2020-12-25 07:22:50'),
(2098, 38, 29, 1, '2020-11-18 07:22:50'),
(2099, 44, 70, 2, '2020-12-16 07:22:50'),
(2100, 7, 71, 3, '2020-12-02 07:22:50'),
(2101, 9, 27, 2, '2020-11-24 07:22:50'),
(2102, 34, 64, 1, '2020-11-07 07:22:50'),
(2103, 5, 70, 3, '2020-11-26 07:22:50'),
(2104, 9, 11, 2, '2020-12-12 07:22:50'),
(2105, 21, 50, 1, '2020-11-09 07:22:50'),
(2106, 16, 34, 3, '2020-11-25 07:22:50'),
(2107, 33, 2, 3, '2020-11-19 07:22:50'),
(2108, 38, 67, 3, '2020-11-23 07:22:50'),
(2109, 14, 29, 1, '2020-11-08 07:22:50'),
(2110, 7, 18, 1, '2020-12-14 07:22:50'),
(2111, 21, 30, 1, '2020-12-05 07:22:50'),
(2112, 12, 38, 1, '2020-11-26 07:22:50'),
(2113, 2, 18, 1, '2020-12-08 07:22:50'),
(2114, 17, 10, 2, '2020-12-04 07:22:50'),
(2115, 24, 6, 1, '2020-12-23 07:22:50'),
(2116, 27, 29, 2, '2020-11-01 07:22:50'),
(2117, 37, 57, 3, '2020-11-22 07:22:50'),
(2118, 44, 3, 1, '2020-12-21 07:22:50'),
(2119, 35, 38, 1, '2020-11-25 07:22:50'),
(2120, 43, 46, 3, '2020-12-28 07:22:50'),
(2121, 8, 1, 3, '2020-11-13 07:22:50'),
(2122, 26, 57, 3, '2020-11-01 07:22:50'),
(2123, 2, 16, 2, '2020-11-18 07:22:50'),
(2124, 31, 69, 2, '2020-12-10 07:22:50'),
(2125, 26, 9, 3, '2020-11-09 07:22:50'),
(2126, 42, 5, 2, '2020-11-12 07:22:50'),
(2127, 23, 83, 3, '2020-11-12 07:22:50'),
(2128, 11, 28, 2, '2020-12-08 07:22:50'),
(2129, 22, 6, 3, '2020-11-23 07:22:50'),
(2130, 4, 33, 1, '2020-11-15 07:22:50'),
(2131, 20, 4, 3, '2020-11-28 07:22:50'),
(2132, 35, 16, 3, '2020-12-09 07:22:50'),
(2133, 43, 85, 3, '2020-12-02 07:22:50'),
(2134, 36, 42, 3, '2020-11-18 07:22:50'),
(2135, 5, 48, 1, '2020-12-11 07:22:50'),
(2136, 37, 53, 2, '2020-12-21 07:22:50'),
(2137, 25, 26, 1, '2020-11-21 07:22:50'),
(2138, 39, 7, 2, '2020-12-28 07:22:50'),
(2139, 30, 17, 2, '2020-11-03 07:22:50'),
(2140, 20, 72, 2, '2020-12-21 07:22:50'),
(2141, 10, 32, 2, '2020-11-02 07:22:50'),
(2142, 12, 14, 2, '2020-12-24 07:22:50'),
(2143, 41, 16, 3, '2020-12-27 07:22:50'),
(2144, 8, 32, 1, '2020-12-25 07:22:50'),
(2145, 4, 26, 3, '2020-11-12 07:22:50'),
(2146, 24, 63, 1, '2020-11-07 07:22:50'),
(2147, 39, 68, 3, '2020-11-17 07:22:50'),
(2148, 18, 12, 3, '2020-11-24 07:22:50'),
(2149, 5, 22, 1, '2020-11-23 07:22:50'),
(2150, 14, 71, 2, '2020-11-23 07:22:50'),
(2151, 39, 22, 1, '2020-11-08 07:22:50'),
(2152, 32, 69, 3, '2020-11-02 07:22:50'),
(2153, 37, 14, 3, '2020-11-07 07:22:50'),
(2154, 5, 56, 2, '2020-11-04 07:22:50'),
(2155, 6, 71, 1, '2020-11-23 07:22:50'),
(2156, 9, 43, 2, '2020-11-26 07:22:50'),
(2157, 6, 78, 3, '2020-12-01 07:22:50'),
(2158, 6, 2, 3, '2020-12-07 07:22:50'),
(2159, 32, 8, 3, '2020-12-11 07:22:50'),
(2160, 2, 76, 1, '2020-12-06 07:22:50'),
(2161, 6, 79, 3, '2020-11-10 07:22:50'),
(2162, 16, 23, 2, '2020-12-24 07:22:50'),
(2163, 10, 84, 2, '2020-11-24 07:22:50'),
(2164, 16, 79, 3, '2020-11-06 07:22:50'),
(2165, 22, 30, 2, '2020-11-12 07:22:50'),
(2166, 5, 21, 3, '2020-11-06 07:22:50'),
(2167, 42, 77, 3, '2020-12-06 07:22:50'),
(2168, 44, 53, 3, '2020-11-02 07:22:50'),
(2169, 4, 80, 3, '2020-11-21 07:22:50'),
(2170, 2, 10, 3, '2020-12-18 07:22:50'),
(2171, 31, 41, 3, '2020-12-17 07:22:50'),
(2172, 14, 2, 3, '2020-11-04 07:22:50'),
(2173, 16, 59, 3, '2020-12-07 07:22:50'),
(2174, 33, 84, 3, '2020-11-06 07:22:50'),
(2175, 10, 9, 3, '2020-12-18 07:22:50'),
(2176, 36, 31, 3, '2020-11-09 07:22:50'),
(2177, 29, 25, 3, '2020-11-09 07:22:50'),
(2178, 18, 18, 3, '2020-12-26 07:22:50'),
(2179, 5, 38, 3, '2020-12-05 07:22:50'),
(2180, 1, 8, 3, '2020-12-16 07:22:50'),
(2181, 7, 6, 3, '2020-11-01 07:22:50'),
(2182, 9, 65, 3, '2020-11-13 07:22:50'),
(2183, 43, 32, 3, '2020-11-25 07:22:50'),
(2184, 22, 55, 3, '2020-12-18 07:22:50'),
(2185, 3, 55, 3, '2020-11-20 07:22:50'),
(2186, 6, 36, 3, '2020-12-06 07:22:50'),
(2187, 17, 71, 3, '2020-11-13 07:22:50'),
(2188, 12, 29, 3, '2020-11-20 07:22:50'),
(2189, 1, 44, 3, '2020-12-07 07:22:50'),
(2190, 2, 10, 3, '2020-12-07 07:22:50'),
(2191, 6, 71, 3, '2020-12-23 07:22:50'),
(2192, 42, 54, 3, '2020-12-27 07:22:50'),
(2193, 30, 41, 3, '2020-12-06 07:22:50'),
(2194, 20, 68, 3, '2020-12-13 07:22:50'),
(2195, 14, 14, 3, '2020-12-11 07:22:50'),
(2196, 1, 7, 3, '2020-11-13 07:22:50'),
(2197, 35, 69, 3, '2020-11-21 07:22:50'),
(2198, 38, 33, 3, '2020-11-15 07:22:50'),
(2199, 34, 44, 3, '2020-11-24 07:22:50'),
(2200, 14, 25, 3, '2020-11-07 07:22:50'),
(2201, 3, 6, 3, '2020-11-01 07:22:50'),
(2202, 21, 14, 3, '2020-11-10 07:22:50'),
(2203, 12, 53, 3, '2020-11-22 07:22:50'),
(2204, 18, 48, 3, '2020-12-25 07:22:50'),
(2205, 11, 52, 3, '2020-11-20 07:22:50'),
(2206, 10, 80, 3, '2020-11-11 07:22:50'),
(2207, 10, 85, 3, '2020-11-15 07:22:50'),
(2208, 29, 72, 3, '2020-12-18 07:22:50'),
(2209, 19, 32, 3, '2020-11-08 07:22:50'),
(2210, 17, 35, 3, '2020-12-03 07:22:50'),
(2211, 22, 76, 3, '2020-11-03 07:22:50'),
(2212, 21, 39, 3, '2020-12-06 07:22:50'),
(2213, 34, 61, 3, '2020-12-07 07:22:50'),
(2214, 4, 17, 3, '2020-11-22 07:22:50'),
(2215, 18, 79, 3, '2020-11-09 07:22:50'),
(2216, 29, 53, 3, '2020-12-26 07:22:50'),
(2217, 27, 79, 3, '2020-11-26 07:22:50'),
(2218, 42, 26, 3, '2020-12-15 07:22:50'),
(2219, 41, 59, 3, '2020-11-15 07:22:50'),
(2220, 41, 1, 3, '2020-12-13 07:22:50'),
(2221, 42, 71, 3, '2020-11-05 07:22:50'),
(2222, 19, 8, 3, '2020-12-22 07:22:50'),
(2223, 29, 30, 3, '2020-11-22 07:22:50'),
(2224, 2, 7, 3, '2020-11-01 07:22:50'),
(2225, 20, 65, 3, '2020-11-08 07:22:50'),
(2226, 13, 14, 3, '2020-12-02 07:22:50'),
(2227, 18, 41, 3, '2020-12-13 07:22:50'),
(2228, 26, 67, 3, '2020-11-01 07:22:50'),
(2229, 37, 47, 3, '2020-12-09 07:22:50'),
(2230, 10, 62, 3, '2020-12-08 07:22:50'),
(2231, 5, 77, 3, '2020-11-16 07:22:50'),
(2232, 19, 31, 3, '2020-11-11 07:22:50'),
(2233, 41, 13, 3, '2020-11-04 07:22:50'),
(2234, 34, 64, 3, '2020-12-14 07:22:50'),
(2235, 4, 54, 3, '2020-12-14 07:22:50'),
(2236, 39, 82, 3, '2020-12-02 07:22:50'),
(2237, 28, 69, 3, '2020-12-08 07:22:50'),
(2238, 31, 29, 3, '2020-12-26 07:22:50'),
(2239, 13, 3, 3, '2020-11-19 07:22:50'),
(2240, 8, 45, 3, '2020-12-21 07:22:50'),
(2241, 29, 44, 3, '2020-11-28 07:22:50'),
(2242, 31, 69, 3, '2020-12-04 07:22:50'),
(2243, 35, 18, 3, '2020-11-03 07:22:50'),
(2244, 10, 47, 3, '2020-11-26 07:22:50'),
(2245, 31, 73, 3, '2020-11-01 07:22:50'),
(2246, 13, 67, 3, '2020-12-27 07:22:50'),
(2247, 17, 4, 3, '2020-11-26 07:22:50'),
(2248, 39, 49, 3, '2020-12-16 07:22:50'),
(2249, 10, 36, 3, '2020-11-18 07:22:50'),
(2250, 30, 54, 3, '2020-12-20 07:22:50'),
(2251, 34, 42, 3, '2020-12-01 07:22:50'),
(2252, 25, 56, 3, '2020-12-24 07:22:50'),
(2253, 28, 74, 3, '2020-11-21 07:22:50'),
(2254, 2, 45, 3, '2020-12-01 07:22:50'),
(2255, 31, 57, 3, '2020-11-23 07:22:50'),
(2256, 22, 18, 3, '2020-11-08 07:22:50'),
(2257, 12, 31, 3, '2020-12-07 07:22:50'),
(2258, 44, 46, 3, '2020-11-11 07:22:50'),
(2259, 41, 63, 3, '2020-12-20 07:22:50'),
(2260, 21, 28, 3, '2020-11-25 07:22:50'),
(2261, 2, 70, 3, '2020-12-03 07:22:50'),
(2262, 33, 46, 3, '2020-12-13 07:22:50'),
(2263, 22, 23, 3, '2020-11-02 07:22:50'),
(2264, 26, 60, 3, '2020-12-03 07:22:50'),
(2265, 41, 12, 3, '2020-12-18 07:22:50'),
(2266, 42, 1, 3, '2020-12-20 07:22:50'),
(2267, 12, 76, 3, '2020-11-24 07:22:50'),
(2268, 40, 4, 3, '2020-12-03 07:22:50'),
(2269, 9, 83, 3, '2020-12-15 07:22:50'),
(2270, 17, 85, 3, '2020-12-14 07:22:50'),
(2271, 34, 76, 3, '2020-11-28 07:22:50'),
(2272, 23, 36, 3, '2020-12-08 07:22:50'),
(2273, 7, 47, 3, '2020-11-24 07:22:50'),
(2274, 31, 67, 3, '2020-12-20 07:22:50'),
(2275, 42, 20, 3, '2020-12-17 07:22:50'),
(2276, 41, 12, 3, '2020-11-20 07:22:50'),
(2277, 44, 44, 3, '2020-11-28 07:22:50'),
(2278, 42, 44, 3, '2020-11-28 07:22:50'),
(2279, 3, 60, 3, '2020-12-27 07:22:50'),
(2280, 21, 8, 3, '2020-11-11 07:22:50'),
(2281, 14, 74, 3, '2020-12-28 07:22:50'),
(2282, 2, 5, 3, '2020-11-08 07:22:50'),
(2283, 29, 48, 3, '2020-11-22 07:22:50'),
(2284, 16, 22, 3, '2020-12-26 07:22:50'),
(2285, 32, 59, 3, '2020-11-13 07:22:50'),
(2286, 11, 81, 3, '2020-12-02 07:22:50'),
(2287, 14, 40, 3, '2020-12-25 07:22:50'),
(2288, 33, 70, 3, '2020-11-25 07:22:50'),
(2289, 12, 43, 3, '2020-12-27 07:22:50'),
(2290, 19, 30, 3, '2020-11-07 07:22:50'),
(2291, 31, 76, 3, '2020-11-19 07:22:50'),
(2292, 20, 19, 3, '2020-12-24 07:22:50'),
(2293, 3, 82, 3, '2020-12-01 07:22:50'),
(2294, 4, 83, 3, '2020-12-07 07:22:50'),
(2295, 23, 9, 3, '2020-12-19 07:22:50'),
(2296, 18, 28, 3, '2020-12-04 07:22:50'),
(2297, 26, 6, 3, '2020-11-12 07:22:50'),
(2298, 2, 54, 3, '2020-12-18 07:22:50'),
(2299, 28, 6, 3, '2020-11-10 07:22:50'),
(2300, 22, 81, 3, '2020-12-22 07:22:50'),
(2301, 22, 76, 3, '2020-12-13 07:22:50'),
(2302, 29, 67, 3, '2020-12-09 07:22:50'),
(2303, 21, 30, 3, '2020-12-25 07:22:50'),
(2304, 37, 1, 3, '2020-12-08 07:22:50'),
(2305, 16, 18, 3, '2020-11-05 07:22:50'),
(2306, 21, 45, 3, '2020-11-04 07:22:50'),
(2307, 30, 18, 3, '2020-11-01 07:22:50'),
(2308, 10, 59, 3, '2020-12-23 07:22:50'),
(2309, 29, 14, 3, '2020-11-28 07:22:50'),
(2310, 3, 66, 3, '2020-12-01 07:22:50'),
(2311, 2, 42, 3, '2020-11-14 07:22:50'),
(2312, 5, 49, 3, '2020-11-13 07:22:50'),
(2313, 13, 46, 3, '2020-12-25 07:22:50'),
(2314, 34, 40, 3, '2020-11-27 07:22:50'),
(2315, 26, 47, 3, '2020-12-28 07:22:50'),
(2316, 34, 64, 3, '2020-11-17 07:22:50'),
(2317, 41, 16, 3, '2020-12-13 07:22:50'),
(2318, 18, 64, 3, '2020-11-28 07:22:50'),
(2319, 5, 39, 3, '2020-11-10 07:22:50'),
(2320, 15, 69, 3, '2020-11-11 07:22:50'),
(2321, 5, 52, 3, '2020-12-16 07:22:50'),
(2322, 31, 77, 3, '2020-12-21 07:22:50'),
(2323, 27, 52, 3, '2020-12-18 07:22:50'),
(2324, 39, 76, 3, '2020-11-02 07:22:50'),
(2325, 24, 82, 3, '2020-12-08 07:22:50'),
(2326, 29, 23, 3, '2020-11-05 07:22:50'),
(2327, 3, 10, 3, '2020-12-24 07:22:50'),
(2328, 32, 33, 3, '2020-12-02 07:22:50'),
(2329, 18, 82, 3, '2020-11-11 07:22:50'),
(2330, 9, 16, 3, '2020-11-21 07:22:50'),
(2331, 14, 55, 3, '2020-11-21 07:22:50'),
(2332, 28, 25, 3, '2020-11-17 07:22:50'),
(2333, 1, 70, 3, '2020-12-16 07:22:50'),
(2334, 4, 22, 3, '2020-12-14 07:22:50'),
(2335, 6, 18, 3, '2020-12-07 07:22:50'),
(2336, 19, 47, 3, '2020-12-14 07:22:50'),
(2337, 41, 83, 3, '2020-11-01 07:22:50'),
(2338, 9, 27, 3, '2020-12-06 07:22:50'),
(2339, 30, 31, 3, '2020-11-13 07:22:50'),
(2340, 19, 77, 3, '2020-11-15 07:22:50'),
(2341, 32, 26, 3, '2020-12-24 07:22:50'),
(2342, 29, 35, 3, '2020-11-13 07:22:50'),
(2343, 7, 1, 3, '2020-12-14 07:22:50'),
(2344, 12, 70, 3, '2020-12-03 07:22:50'),
(2345, 8, 68, 3, '2020-11-16 07:22:50'),
(2346, 10, 75, 3, '2020-11-23 07:22:50'),
(2347, 27, 20, 3, '2020-11-26 07:22:50'),
(2348, 32, 60, 3, '2020-11-07 07:22:50'),
(2349, 18, 46, 3, '2020-11-27 07:22:50'),
(2350, 41, 63, 3, '2020-12-28 07:22:50'),
(2351, 12, 58, 3, '2020-11-13 07:22:50'),
(2352, 37, 66, 3, '2020-12-11 07:22:50'),
(2353, 15, 57, 3, '2020-12-26 07:22:50'),
(2354, 27, 19, 3, '2020-11-04 07:22:50'),
(2355, 15, 10, 3, '2020-11-09 07:22:50'),
(2356, 11, 43, 3, '2020-12-20 07:22:50'),
(2357, 27, 46, 3, '2020-11-19 07:22:50'),
(2358, 27, 22, 3, '2020-11-23 07:22:50'),
(2359, 18, 22, 3, '2020-12-14 07:22:50'),
(2360, 14, 37, 3, '2020-12-06 07:22:50'),
(2361, 7, 60, 3, '2020-12-14 07:22:50'),
(2362, 39, 80, 3, '2020-11-14 07:22:50'),
(2363, 42, 77, 3, '2020-12-28 07:22:50'),
(2364, 28, 24, 3, '2020-11-22 07:22:50'),
(2365, 29, 17, 3, '2020-12-19 07:22:50'),
(2366, 29, 62, 3, '2020-12-19 07:22:50'),
(2367, 27, 77, 3, '2020-12-19 07:22:50'),
(2368, 25, 11, 3, '2020-11-06 07:22:50'),
(2369, 29, 7, 3, '2020-12-19 07:22:50'),
(2370, 9, 84, 3, '2020-12-05 07:22:50'),
(2371, 15, 17, 3, '2020-12-10 07:22:50'),
(2372, 40, 34, 3, '2020-12-19 07:22:50'),
(2373, 13, 50, 3, '2020-11-15 07:22:50'),
(2374, 19, 67, 3, '2020-11-07 07:22:50'),
(2375, 24, 78, 3, '2020-12-06 07:22:50'),
(2376, 22, 16, 3, '2020-12-27 07:22:50'),
(2377, 21, 55, 3, '2020-12-20 07:22:50'),
(2378, 4, 41, 3, '2020-12-21 07:22:50'),
(2379, 32, 3, 3, '2020-12-11 07:22:50'),
(2380, 38, 80, 3, '2020-12-13 07:22:50'),
(2381, 35, 53, 3, '2020-11-28 07:22:50'),
(2382, 2, 27, 3, '2020-11-14 07:22:50'),
(2383, 44, 82, 3, '2020-11-06 07:22:50'),
(2384, 41, 42, 3, '2020-12-10 07:22:50'),
(2385, 12, 50, 3, '2020-11-09 07:22:50'),
(2386, 4, 70, 3, '2020-11-23 07:22:50'),
(2387, 13, 32, 3, '2020-11-14 07:22:50'),
(2388, 44, 20, 3, '2020-12-23 07:22:50'),
(2389, 17, 33, 3, '2020-12-10 07:22:50'),
(2390, 13, 64, 3, '2020-12-14 07:22:50'),
(2391, 18, 20, 3, '2020-11-21 07:22:50'),
(2392, 9, 54, 3, '2020-12-01 07:22:50'),
(2393, 27, 74, 3, '2020-11-27 07:22:50'),
(2394, 25, 47, 3, '2020-11-18 07:22:50'),
(2395, 11, 28, 3, '2020-11-07 07:22:50'),
(2396, 26, 68, 3, '2020-11-05 07:22:50'),
(2397, 18, 52, 3, '2020-11-11 07:22:50'),
(2398, 27, 15, 3, '2020-12-27 07:22:50'),
(2399, 40, 74, 3, '2020-11-05 07:22:50'),
(2400, 8, 10, 3, '2020-12-27 07:22:50'),
(2401, 2, 16, 3, '2020-11-18 07:22:50'),
(2402, 3, 19, 3, '2020-12-14 07:22:50'),
(2403, 33, 15, 3, '2020-12-02 07:22:50'),
(2404, 34, 68, 3, '2020-12-14 07:22:50'),
(2405, 16, 72, 3, '2020-12-27 07:22:50'),
(2406, 28, 1, 3, '2020-12-12 07:22:50'),
(2407, 2, 8, 3, '2020-12-25 07:22:50'),
(2408, 41, 63, 3, '2020-11-06 07:22:50'),
(2409, 32, 29, 3, '2020-12-08 07:22:50'),
(2410, 17, 82, 3, '2020-12-14 07:22:50'),
(2411, 8, 22, 3, '2020-12-19 07:22:50'),
(2412, 13, 28, 3, '2020-11-07 07:22:50'),
(2413, 17, 58, 3, '2020-12-15 07:22:50'),
(2414, 2, 82, 3, '2020-11-13 07:22:50'),
(2415, 24, 1, 3, '2020-12-07 07:22:50'),
(2416, 13, 7, 3, '2020-12-09 07:22:50'),
(2417, 7, 26, 3, '2020-12-25 07:22:50'),
(2418, 28, 67, 3, '2020-12-26 07:22:50'),
(2419, 6, 67, 3, '2020-12-13 07:22:50'),
(2420, 29, 70, 3, '2020-11-13 07:22:50'),
(2421, 31, 26, 3, '2020-11-23 07:22:50'),
(2422, 4, 42, 3, '2020-11-01 07:22:50'),
(2423, 38, 20, 3, '2020-11-16 07:22:50'),
(2424, 35, 48, 3, '2020-12-26 07:22:50'),
(2425, 1, 50, 3, '2020-11-23 07:22:50'),
(2426, 6, 57, 3, '2020-12-16 07:22:50'),
(2427, 35, 3, 3, '2020-12-27 07:22:50'),
(2428, 24, 73, 3, '2020-11-15 07:22:50'),
(2429, 41, 31, 3, '2020-11-25 07:22:50'),
(2430, 7, 57, 3, '2020-11-07 07:22:50'),
(2431, 3, 11, 3, '2020-12-01 07:22:50'),
(2432, 4, 19, 3, '2020-11-16 07:22:50'),
(2433, 28, 33, 3, '2020-11-19 07:22:50'),
(2434, 2, 51, 3, '2020-11-14 07:22:50'),
(2435, 33, 42, 3, '2020-11-27 07:22:50'),
(2436, 9, 47, 3, '2020-11-06 07:22:50'),
(2437, 32, 49, 3, '2020-11-16 07:22:50'),
(2438, 30, 48, 3, '2020-12-26 07:22:50'),
(2439, 17, 17, 3, '2020-12-10 07:22:50'),
(2440, 4, 18, 3, '2020-11-27 07:22:50'),
(2441, 22, 49, 3, '2020-12-09 07:22:50'),
(2442, 3, 24, 3, '2020-12-03 07:22:50'),
(2443, 3, 80, 3, '2020-11-26 07:22:50'),
(2444, 22, 40, 3, '2020-12-21 07:22:50'),
(2445, 33, 38, 3, '2020-11-09 07:22:50'),
(2446, 1, 9, 3, '2020-11-03 07:22:50'),
(2447, 27, 28, 3, '2020-11-13 07:22:50'),
(2448, 10, 44, 3, '2020-12-11 07:22:50'),
(2449, 17, 79, 3, '2020-11-18 07:22:50'),
(2450, 17, 84, 3, '2020-11-22 07:22:50'),
(2451, 6, 25, 3, '2020-12-27 07:22:50'),
(2452, 33, 55, 3, '2020-11-26 07:22:50'),
(2453, 41, 27, 3, '2020-12-20 07:22:50'),
(2454, 27, 42, 3, '2020-12-18 07:22:50'),
(2455, 14, 65, 3, '2020-11-22 07:22:50'),
(2456, 38, 72, 3, '2020-11-05 07:22:50'),
(2457, 40, 39, 3, '2020-11-05 07:22:50'),
(2458, 36, 50, 3, '2020-11-12 07:22:50'),
(2459, 20, 16, 3, '2020-11-12 07:22:50'),
(2460, 18, 67, 3, '2020-12-02 07:22:50'),
(2461, 20, 46, 3, '2020-12-10 07:22:50'),
(2462, 42, 37, 3, '2020-12-14 07:22:50'),
(2463, 12, 63, 3, '2020-11-09 07:22:50'),
(2464, 10, 5, 3, '2020-12-03 07:22:50'),
(2465, 40, 9, 3, '2020-12-25 07:22:50'),
(2466, 27, 6, 3, '2020-12-18 07:22:50'),
(2467, 6, 24, 3, '2020-11-07 07:22:50'),
(2468, 40, 80, 3, '2020-12-13 07:22:50'),
(2469, 41, 40, 3, '2020-11-19 07:22:50'),
(2470, 43, 41, 3, '2020-11-11 07:22:50'),
(2471, 12, 33, 3, '2020-11-19 07:22:50'),
(2472, 39, 10, 3, '2020-11-26 07:22:50'),
(2473, 24, 66, 3, '2020-12-01 07:22:50'),
(2474, 29, 59, 3, '2020-12-22 07:22:50'),
(2475, 39, 25, 3, '2020-11-21 07:22:50'),
(2476, 19, 46, 3, '2020-11-24 07:22:50'),
(2477, 2, 10, 3, '2020-11-27 07:22:50'),
(2478, 33, 69, 3, '2020-11-13 07:22:50'),
(2479, 29, 62, 3, '2020-11-27 07:22:50'),
(2480, 43, 40, 3, '2020-12-09 07:22:50'),
(2481, 31, 10, 3, '2020-11-01 07:22:50'),
(2482, 41, 39, 3, '2020-11-18 07:22:50'),
(2483, 29, 44, 3, '2020-11-19 07:22:50'),
(2484, 12, 81, 3, '2020-11-18 07:22:50'),
(2485, 7, 39, 3, '2020-12-22 07:22:50'),
(2486, 5, 28, 3, '2020-12-22 07:22:50'),
(2487, 31, 77, 3, '2020-11-23 07:22:50'),
(2488, 10, 17, 3, '2020-11-09 07:22:50'),
(2489, 24, 68, 3, '2020-12-07 07:22:50'),
(2490, 16, 23, 3, '2020-11-22 07:22:50'),
(2491, 7, 83, 3, '2020-12-24 07:22:50'),
(2492, 43, 60, 3, '2020-12-09 07:22:50'),
(2493, 7, 9, 3, '2020-11-18 07:22:50'),
(2494, 32, 15, 3, '2020-11-22 07:22:50'),
(2495, 40, 80, 3, '2020-11-13 07:22:50'),
(2496, 6, 55, 3, '2020-11-15 07:22:50'),
(2497, 5, 56, 3, '2020-12-08 07:22:50'),
(2498, 44, 72, 3, '2020-11-26 07:22:50'),
(2499, 40, 64, 3, '2020-11-11 07:22:50'),
(2500, 37, 48, 3, '2020-11-26 07:22:50'),
(2501, 9, 73, 3, '2020-12-15 07:22:50'),
(2502, 1, 19, 3, '2020-11-24 07:22:50'),
(2503, 21, 59, 3, '2020-11-03 07:22:50'),
(2504, 15, 79, 3, '2020-11-04 07:22:50'),
(2505, 40, 24, 3, '2020-12-21 07:22:50'),
(2506, 16, 32, 3, '2020-11-14 07:22:50'),
(2507, 8, 33, 3, '2020-12-08 07:22:50'),
(2508, 16, 21, 3, '2020-12-07 07:22:50'),
(2509, 34, 26, 3, '2020-11-28 07:22:50'),
(2510, 10, 71, 3, '2020-11-24 07:22:50'),
(2511, 8, 69, 3, '2020-11-18 07:22:50'),
(2512, 28, 58, 3, '2020-11-24 07:22:50'),
(2513, 28, 17, 3, '2020-12-07 07:22:50'),
(2514, 32, 76, 3, '2020-12-23 07:22:50'),
(2515, 3, 58, 3, '2020-11-05 07:22:50'),
(2516, 3, 58, 3, '2020-11-18 07:22:50'),
(2517, 40, 33, 3, '2020-12-02 07:22:50'),
(2518, 8, 28, 3, '2020-11-06 07:22:50'),
(2519, 18, 27, 3, '2020-11-07 07:22:50'),
(2520, 19, 45, 3, '2020-12-07 07:22:50'),
(2521, 5, 15, 3, '2020-11-07 07:22:50'),
(2522, 40, 7, 3, '2020-11-19 07:22:50'),
(2523, 35, 20, 3, '2020-11-25 07:22:50'),
(2524, 22, 77, 3, '2020-12-11 07:22:50'),
(2525, 30, 37, 3, '2020-11-21 07:22:50'),
(2526, 13, 32, 3, '2020-11-28 07:22:50'),
(2527, 19, 30, 3, '2020-12-14 07:22:50'),
(2528, 25, 42, 3, '2020-11-14 07:22:50'),
(2529, 27, 23, 3, '2020-12-09 07:22:50'),
(2530, 41, 77, 3, '2020-11-10 07:22:50'),
(2531, 19, 61, 3, '2020-12-16 07:22:50'),
(2532, 11, 82, 3, '2020-11-08 07:22:50'),
(2533, 21, 8, 3, '2020-11-07 07:22:50'),
(2534, 24, 58, 3, '2020-11-21 07:22:50'),
(2535, 10, 52, 3, '2020-12-07 07:22:50'),
(2536, 8, 14, 3, '2020-11-11 07:22:50'),
(2537, 25, 62, 3, '2020-12-23 07:22:50'),
(2538, 1, 4, 3, '2020-12-01 07:22:50'),
(2539, 27, 19, 3, '2020-11-14 07:22:50'),
(2540, 14, 33, 3, '2020-11-04 07:22:50'),
(2541, 18, 33, 3, '2020-12-14 07:22:50');
INSERT INTO `User_Activity_Status_History` (`History_ID`, `User_ID`, `Activity_ID`, `Status_ID`, `Update_At`) VALUES
(2542, 34, 52, 3, '2020-11-03 07:22:50'),
(2543, 32, 56, 3, '2020-11-28 07:22:50'),
(2544, 31, 11, 3, '2020-12-23 07:22:50'),
(2545, 21, 39, 3, '2020-11-28 07:22:50'),
(2546, 44, 83, 3, '2020-11-05 07:22:50'),
(2547, 24, 57, 3, '2020-12-05 07:22:50'),
(2548, 38, 65, 3, '2020-12-13 07:22:50'),
(2549, 13, 79, 3, '2020-11-22 07:22:50'),
(2550, 15, 32, 3, '2020-12-14 07:22:50'),
(2551, 27, 23, 3, '2020-11-23 07:22:50'),
(2552, 43, 17, 3, '2020-11-23 07:22:50'),
(2553, 24, 59, 3, '2020-12-21 07:22:50'),
(2554, 29, 82, 3, '2020-12-01 07:22:50'),
(2555, 15, 4, 3, '2020-11-16 07:22:50'),
(2556, 3, 77, 3, '2020-11-09 07:22:50'),
(2557, 36, 24, 3, '2020-12-14 07:22:50'),
(2558, 24, 24, 3, '2020-12-15 07:22:50'),
(2559, 41, 61, 3, '2020-12-25 07:22:50'),
(2560, 38, 79, 3, '2020-12-06 07:22:50'),
(2561, 42, 79, 3, '2020-12-22 07:22:50'),
(2562, 1, 49, 3, '2020-12-12 07:22:50'),
(2563, 28, 32, 3, '2020-12-06 07:22:50'),
(2564, 3, 93, 3, '2020-12-15 19:42:16'),
(2565, 4, 93, 3, '2020-12-16 05:55:37'),
(2566, 1, 1, 3, '2020-12-16 05:56:41'),
(2567, 1, 1, 3, '2020-12-16 06:10:04'),
(2568, 1, 1, 3, '2020-12-16 06:13:48'),
(2569, 1, 1, 3, '2020-12-16 06:14:30');

-- --------------------------------------------------------

--
-- Table structure for table `User_Activity_Submission`
--

CREATE TABLE `User_Activity_Submission` (
  `Submission_ID` int(11) NOT NULL,
  `User_ID` int(11) NOT NULL,
  `Activity_ID` int(11) NOT NULL,
  `Submission` varchar(1000) NOT NULL,
  `Create_At` timestamp NOT NULL DEFAULT CURRENT_TIMESTAMP
) ENGINE=InnoDB DEFAULT CHARSET=utf8;

-- --------------------------------------------------------

--
-- Table structure for table `User_Activity_Validation`
--

CREATE TABLE `User_Activity_Validation` (
  `Validation_ID` int(11) NOT NULL,
  `Submission_ID` int(11) NOT NULL,
  `User_ID` int(11) NOT NULL,
  `Skill_ID` int(11) NOT NULL,
  `Feedback` varchar(500) NOT NULL,
  `Score` float NOT NULL,
  `Create_At` timestamp NOT NULL DEFAULT CURRENT_TIMESTAMP
) ENGINE=InnoDB DEFAULT CHARSET=utf8;

-- --------------------------------------------------------

--
-- Table structure for table `User_Information`
--

CREATE TABLE `User_Information` (
  `User_ID` int(11) NOT NULL,
  `User_Name` varchar(100) NOT NULL,
  `Password` varchar(500) NOT NULL,
  `First_Name` varchar(500) NOT NULL,
  `Last_Name` varchar(500) NOT NULL,
  `E_Mail` varchar(100) NOT NULL,
  `MBTI_ID` int(11) NOT NULL,
  `Learning_Style_ID` int(11) NOT NULL,
  `Study_Cluster_ID` int(11) NOT NULL DEFAULT '0',
  `Algorithm_Score` float NOT NULL DEFAULT '0',
  `Data_Structure_Score` float NOT NULL DEFAULT '0',
  `Programming_Score` float NOT NULL DEFAULT '0',
  `Mathematic_Score` float NOT NULL DEFAULT '0',
  `Language_Score` float NOT NULL DEFAULT '0',
  `Communication_Score` float NOT NULL DEFAULT '0',
  `Problem_Solving_Score` float NOT NULL DEFAULT '0',
  `Self_Motivation_Score` float NOT NULL DEFAULT '0',
  `Create_At` timestamp NOT NULL DEFAULT CURRENT_TIMESTAMP,
  `Update_At` timestamp NOT NULL DEFAULT CURRENT_TIMESTAMP
) ENGINE=InnoDB DEFAULT CHARSET=utf8;

--
-- Dumping data for table `User_Information`
--

INSERT INTO `User_Information` (`User_ID`, `User_Name`, `Password`, `First_Name`, `Last_Name`, `E_Mail`, `MBTI_ID`, `Learning_Style_ID`, `Study_Cluster_ID`, `Algorithm_Score`, `Data_Structure_Score`, `Programming_Score`, `Mathematic_Score`, `Language_Score`, `Communication_Score`, `Problem_Solving_Score`, `Self_Motivation_Score`, `Create_At`, `Update_At`) VALUES
(0, 'BaseLine', '-', 'Avg. User', '-', '-', 0, 0, 0, 44, 56, 68, 45, 72, 71, 67, 63, '2020-12-04 10:25:25', '2020-12-07 09:13:36'),
(1, 'user1', '-', 'Test', '1', 'Test1@advicebyte.com', 7, 2, 3, 60, 70, 95, 50, 60, 60, 80, 60, '2020-10-27 07:25:02', '2020-12-04 10:14:48'),
(2, 'user2', '-', 'Test', '2', 'Test2@advicebyte.com', 14, 2, 3, 40, 60, 60, 45, 70, 60, 80, 55, '2020-10-27 07:25:03', '2020-12-04 10:14:48'),
(3, 'user3', '-', 'Test', '3', 'Test3@advicebyte.com', 8, 3, 2, 30, 40, 40, 35, 55, 65, 55, 60, '2020-10-27 07:25:03', '2020-12-04 10:14:48'),
(4, 'user4', '-', 'Test', '4', 'Test4@advicebyte.com', 6, 2, 0, 65, 95, 95, 65, 95, 100, 75, 80, '2020-10-27 07:25:03', '2020-12-04 10:14:48'),
(5, 'user5', '-', 'Test', '5', 'Test5@advicebyte.com', 13, 4, 3, 65, 85, 70, 50, 80, 75, 80, 75, '2020-10-27 07:25:03', '2020-12-04 10:14:48'),
(6, 'user6', '-', 'Test', '6', 'Test6@advicebyte.com', 2, 3, 4, 60, 75, 70, 55, 85, 100, 80, 65, '2020-10-27 07:25:03', '2020-12-04 10:14:48'),
(7, 'user7', '-', 'Test', '7', 'Test7@advicebyte.com', 6, 4, 3, 60, 95, 90, 20, 60, 70, 70, 65, '2020-10-27 07:25:03', '2020-12-04 10:14:48'),
(8, 'user8', '-', 'Test', '8', 'Test8@advicebyte.com', 1, 2, 0, 75, 85, 100, 80, 95, 90, 95, 90, '2020-10-27 07:25:03', '2020-12-04 10:14:48'),
(9, 'user9', '-', 'Test', '9', 'Test9@advicebyte.com', 10, 4, 3, 55, 55, 95, 20, 35, 50, 70, 70, '2020-10-27 07:25:03', '2020-12-04 10:14:48'),
(10, 'user10', '-', 'Test', '10', 'Test10@advicebyte.com', 6, 2, 4, 65, 70, 100, 55, 90, 80, 60, 70, '2020-10-27 07:25:03', '2020-12-04 10:14:48'),
(11, 'user11', '-', 'Test', '11', 'Test11@advicebyte.com', 5, 3, 0, 90, 100, 100, 100, 100, 100, 70, 70, '2020-10-27 07:25:03', '2020-12-04 10:14:48'),
(12, 'user12', '-', 'Test', '12', 'Test12@advicebyte.com', 9, 5, 0, 95, 100, 100, 80, 85, 75, 80, 60, '2020-10-27 07:25:03', '2020-12-04 10:14:49'),
(13, 'user13', '-', 'Test', '13', 'Test13@advicebyte.com', 12, 4, 4, 40, 45, 95, 50, 80, 75, 70, 45, '2020-10-27 07:25:04', '2020-12-04 10:14:49'),
(14, 'user14', '-', 'Test', '14', 'Test14@advicebyte.com', 14, 2, 1, 35, 40, 50, 35, 45, 40, 55, 40, '2020-10-27 07:25:04', '2020-12-04 10:14:49'),
(15, 'user15', '-', 'Test', '15', 'Test15@advicebyte.com', 1, 2, 4, 45, 60, 70, 30, 85, 85, 70, 75, '2020-10-27 07:25:04', '2020-12-04 10:14:49'),
(16, 'user16', '-', 'Test', '16', 'Test16@advicebyte.com', 6, 3, 4, 50, 55, 85, 50, 75, 90, 70, 55, '2020-10-27 07:25:04', '2020-12-04 10:14:49'),
(17, 'user17', '-', 'Test', '17', 'Test17@advicebyte.com', 6, 3, 4, 45, 55, 70, 35, 100, 55, 60, 65, '2020-10-27 07:25:04', '2020-12-04 10:14:49'),
(18, 'user18', '-', 'Test', '18', 'Test18@advicebyte.com', 5, 4, 1, 0, 5, 15, 10, 20, 25, 15, 50, '2020-10-27 07:25:04', '2020-12-04 10:14:49'),
(19, 'user19', '-', 'Test', '19', 'Test19@advicebyte.com', 5, 4, 4, 65, 60, 90, 50, 95, 85, 90, 65, '2020-10-27 07:25:04', '2020-12-04 10:14:49'),
(20, 'user20', '-', 'Test', '20', 'Test20@advicebyte.com', 11, 3, 0, 90, 95, 95, 75, 90, 75, 80, 75, '2020-10-27 07:25:04', '2020-12-04 10:14:49'),
(21, 'user21', '-', 'Test', '21', 'Test21@advicebyte.com', 1, 3, 3, 70, 75, 90, 35, 70, 65, 85, 50, '2020-10-27 07:25:04', '2020-12-04 10:14:49'),
(22, 'user22', '-', 'Test', '22', 'Test22@advicebyte.com', 14, 4, 3, 55, 55, 95, 60, 50, 35, 50, 65, '2020-10-27 07:25:04', '2020-12-04 10:14:49'),
(23, 'user23', '-', 'Test', '23', 'Test23@advicebyte.com', 2, 3, 0, 85, 85, 100, 85, 85, 85, 85, 60, '2020-10-27 07:25:05', '2020-12-04 10:14:49'),
(24, 'user24', '-', 'Test', '24', 'Test24@advicebyte.com', 5, 4, 3, 55, 75, 80, 70, 70, 55, 75, 65, '2020-10-27 07:25:05', '2020-12-04 10:14:50'),
(25, 'user25', '-', 'Test', '25', 'Test25@advicebyte.com', 7, 5, 2, 30, 30, 45, 35, 80, 70, 60, 55, '2020-10-27 07:25:05', '2020-12-04 10:14:50'),
(26, 'user26', '-', 'Test', '26', 'Test26@advicebyte.com', 7, 4, 3, 40, 95, 80, 75, 50, 50, 75, 65, '2020-10-27 07:25:05', '2020-12-04 10:14:50'),
(27, 'user27', '-', 'Test', '27', 'Test27@advicebyte.com', 0, 4, 1, 25, 25, 25, 25, 20, 25, 25, 35, '2020-10-27 07:25:05', '2020-12-04 10:14:50'),
(28, 'user28', '-', 'Test', '28', 'Test28@advicebyte.com', 0, 3, 4, 60, 55, 90, 40, 90, 70, 80, 80, '2020-10-27 07:25:05', '2020-12-04 10:14:50'),
(29, 'user29', '-', 'Test', '29', 'Test29@advicebyte.com', 0, 2, 2, 0, 0, 0, 30, 100, 95, 90, 60, '2020-10-27 07:25:05', '2020-12-04 10:14:50'),
(30, 'user30', '-', 'Test', '30', 'Test30@advicebyte.com', 16, 3, 2, 25, 30, 60, 5, 65, 90, 30, 65, '2020-10-27 07:25:05', '2020-12-04 10:14:50'),
(31, 'user31', '-', 'Test', '31', 'Test31@advicebyte.com', 5, 3, 0, 75, 85, 90, 90, 80, 90, 90, 65, '2020-10-27 07:25:05', '2020-12-04 10:14:50'),
(32, 'user32', '-', 'Test', '32', 'Test32@advicebyte.com', 6, 3, 1, 20, 40, 70, 10, 30, 45, 60, 55, '2020-10-27 07:25:05', '2020-12-04 10:14:50'),
(33, 'user33', '-', 'Test', '33', 'Test33@advicebyte.com', 4, 3, 2, 25, 40, 40, 40, 80, 100, 65, 80, '2020-10-27 07:25:06', '2020-12-04 10:14:50'),
(34, 'user34', '-', 'Test', '34', 'Test34@advicebyte.com', 8, 6, 2, 25, 45, 45, 35, 65, 75, 70, 75, '2020-10-27 07:25:06', '2020-12-04 10:14:50'),
(35, 'user35', '-', 'Test', '35', 'Test35@advicebyte.com', 1, 2, 4, 40, 75, 75, 45, 85, 75, 65, 55, '2020-10-27 07:25:06', '2020-12-04 10:14:50'),
(36, 'user36', '-', 'Test', '36', 'Test36@advicebyte.com', 12, 1, 4, 30, 40, 70, 45, 95, 100, 75, 80, '2020-10-27 07:25:06', '2020-12-04 10:14:51'),
(37, 'user37', '-', 'Test', '37', 'Test37@advicebyte.com', 12, 3, 0, 85, 100, 100, 90, 100, 100, 100, 75, '2020-10-27 07:25:06', '2020-12-04 10:14:51'),
(38, 'user38', '-', 'Test', '38', 'Test38@advicebyte.com', 15, 0, 1, 10, 15, 10, 25, 20, 15, 15, 55, '2020-10-27 07:25:06', '2020-12-04 10:14:51'),
(39, 'user39', '-', 'Test', '39', 'Test39@advicebyte.com', 3, 5, 2, 10, 25, 40, 30, 95, 100, 85, 80, '2020-10-27 07:25:06', '2020-12-04 10:14:51'),
(40, 'user40', '-', 'Test', '40', 'Test40@advicebyte.com', 1, 5, 1, 0, 10, 20, 20, 25, 30, 50, 50, '2020-10-27 07:25:06', '2020-12-04 10:14:51'),
(41, 'user41', '-', 'Test', '41', 'Test41@advicebyte.com', 1, 4, 1, 0, 10, 10, 15, 55, 20, 40, 50, '2020-10-27 07:25:06', '2020-12-04 10:14:51'),
(42, 'user42', '-', 'Test', '42', 'Test42@advicebyte.com', 1, 2, 2, 10, 5, 30, 35, 95, 100, 85, 70, '2020-10-27 07:25:06', '2020-12-04 10:14:51'),
(43, 'user43', '-', 'Test', '43', 'Test43@advicebyte.com', 14, 7, 4, 20, 55, 80, 35, 100, 100, 65, 60, '2020-10-27 07:25:07', '2020-12-04 10:14:51'),
(44, 'user44', '-', 'Test', '44', 'Test44@advicebyte.com', 1, 4, 4, 30, 60, 90, 20, 100, 100, 65, 70, '2020-10-27 07:25:07', '2020-12-04 10:14:51');

-- --------------------------------------------------------

--
-- Table structure for table `User_Interest_Activity_List`
--

CREATE TABLE `User_Interest_Activity_List` (
  `User_ID` int(11) NOT NULL,
  `Activity_ID` int(11) NOT NULL,
  `Interest_Score` float NOT NULL,
  `Update_At` timestamp NOT NULL DEFAULT CURRENT_TIMESTAMP
) ENGINE=InnoDB DEFAULT CHARSET=utf8;

--
-- Dumping data for table `User_Interest_Activity_List`
--

INSERT INTO `User_Interest_Activity_List` (`User_ID`, `Activity_ID`, `Interest_Score`, `Update_At`) VALUES
(1, 1, 1.51392, '2020-12-01 16:52:47'),
(1, 2, 2.00641, '2020-12-01 16:52:47'),
(1, 3, 4.90269, '2020-12-01 16:52:47'),
(1, 4, 4.97364, '2020-12-01 16:52:47'),
(1, 5, 4.177, '2020-12-01 16:52:47'),
(1, 6, 1.41845, '2020-12-01 16:52:47'),
(1, 7, 4.57537, '2020-12-01 16:52:47'),
(1, 8, 0.839637, '2020-12-01 16:52:48'),
(1, 9, 0.585564, '2020-12-01 16:52:48'),
(1, 10, 0.704491, '2020-12-01 16:52:48'),
(1, 11, 3.2249, '2020-12-01 16:52:48'),
(1, 12, 1.02473, '2020-12-01 16:52:48'),
(1, 13, 0.17715, '2020-12-01 16:52:48'),
(1, 14, 1.6957, '2020-12-01 16:52:48'),
(1, 15, 0.810911, '2020-12-01 16:52:48'),
(1, 16, 2.54193, '2020-12-01 16:52:49'),
(1, 17, 2.50097, '2020-12-01 16:52:49'),
(1, 18, 2.90329, '2020-12-01 16:52:49'),
(1, 19, 2.97131, '2020-12-01 16:52:49'),
(2, 1, 0.229173, '2020-12-01 16:52:49'),
(2, 2, 0.383465, '2020-12-01 16:52:49'),
(2, 3, 3.99533, '2020-12-01 16:52:49'),
(2, 4, 1.99793, '2020-12-01 16:52:49'),
(2, 5, 2.50204, '2020-12-01 16:52:49'),
(2, 6, 1.86307, '2020-12-01 16:52:50'),
(2, 7, 0.703126, '2020-12-01 16:52:50'),
(2, 8, 2.75638, '2020-12-01 16:52:50'),
(2, 9, 0.0259446, '2020-12-01 16:52:50'),
(2, 10, 3.1801, '2020-12-01 16:52:50'),
(2, 11, 4.55448, '2020-12-01 16:52:50'),
(2, 12, 3.23763, '2020-12-01 16:52:50'),
(2, 13, 0.158324, '2020-12-01 16:52:50'),
(2, 14, 1.80669, '2020-12-01 16:52:50'),
(2, 15, 3.58808, '2020-12-01 16:52:51'),
(2, 16, 0.68941, '2020-12-01 16:52:51'),
(2, 17, 1.41169, '2020-12-01 16:52:51'),
(2, 18, 2.29598, '2020-12-01 16:52:51'),
(2, 19, 2.97304, '2020-12-01 16:52:51'),
(3, 1, 3.92844, '2020-12-01 16:52:51'),
(3, 2, 3.63952, '2020-12-01 16:52:51'),
(3, 3, 1.81073, '2020-12-01 16:52:51'),
(3, 4, 1.03796, '2020-12-01 16:52:52'),
(3, 5, 3.05888, '2020-12-01 16:52:52'),
(3, 6, 3.37971, '2020-12-01 16:52:52'),
(3, 7, 4.04953, '2020-12-01 16:52:52'),
(3, 8, 2.7801, '2020-12-01 16:52:52'),
(3, 9, 1.52158, '2020-12-01 16:52:52'),
(3, 10, 1.22349, '2020-12-01 16:52:52'),
(3, 11, 3.3745, '2020-12-01 16:52:52'),
(3, 12, 1.94274, '2020-12-01 16:52:52'),
(3, 13, 3.80679, '2020-12-01 16:52:53'),
(3, 14, 4.94791, '2020-12-01 16:52:53'),
(3, 15, 3.18438, '2020-12-01 16:52:53'),
(3, 16, 3.47615, '2020-12-01 16:52:53'),
(3, 17, 3.77329, '2020-12-01 16:52:53'),
(3, 18, 3.18, '2020-12-01 16:52:53'),
(3, 19, 2.51682, '2020-12-01 16:52:53'),
(4, 1, 0.133531, '2020-12-01 16:52:54'),
(4, 2, 4.1816, '2020-12-01 16:52:54'),
(4, 3, 2.87052, '2020-12-01 16:52:54'),
(4, 4, 4.01258, '2020-12-01 16:52:54'),
(4, 5, 1.07448, '2020-12-01 16:52:54'),
(4, 6, 1.14708, '2020-12-01 16:52:54'),
(4, 7, 3.68308, '2020-12-01 16:52:54'),
(4, 8, 2.09664, '2020-12-01 16:52:54'),
(4, 9, 3.26845, '2020-12-01 16:52:55'),
(4, 10, 4.68003, '2020-12-01 16:52:55'),
(4, 11, 0.611061, '2020-12-01 16:52:55'),
(4, 12, 1.66966, '2020-12-01 16:52:55'),
(4, 13, 4.1792, '2020-12-01 16:52:55'),
(4, 14, 0.413932, '2020-12-01 16:52:55'),
(4, 15, 4.58887, '2020-12-01 16:52:55'),
(4, 16, 3.69226, '2020-12-01 16:52:55'),
(4, 17, 1.68456, '2020-12-01 16:52:56'),
(4, 18, 4.39514, '2020-12-01 16:52:56'),
(4, 19, 2.06106, '2020-12-01 16:52:56'),
(5, 1, 2.21746, '2020-12-01 16:52:56'),
(5, 2, 2.8353, '2020-12-01 16:52:56'),
(5, 3, 2.28545, '2020-12-01 16:52:56'),
(5, 4, 1.57261, '2020-12-01 16:52:56'),
(5, 5, 2.27833, '2020-12-01 16:52:57'),
(5, 6, 0.791393, '2020-12-01 16:52:57'),
(5, 7, 0.670303, '2020-12-01 16:52:57'),
(5, 8, 4.18982, '2020-12-01 16:52:57'),
(5, 9, 0.268843, '2020-12-01 16:52:57'),
(5, 10, 4.75526, '2020-12-01 16:52:57'),
(5, 11, 4.62823, '2020-12-01 16:52:57'),
(5, 12, 3.4931, '2020-12-01 16:52:57'),
(5, 13, 3.91441, '2020-12-01 16:52:58'),
(5, 14, 1.77079, '2020-12-01 16:52:58'),
(5, 15, 0.690395, '2020-12-01 16:52:58'),
(5, 16, 4.24572, '2020-12-01 16:52:58'),
(5, 17, 3.24911, '2020-12-01 16:52:58'),
(5, 18, 4.35817, '2020-12-01 16:52:58'),
(5, 19, 3.64748, '2020-12-01 16:52:58'),
(6, 1, 3.40178, '2020-12-01 16:52:58'),
(6, 2, 3.73493, '2020-12-01 16:52:58'),
(6, 3, 1.0424, '2020-12-01 16:52:59'),
(6, 4, 2.89001, '2020-12-01 16:52:59'),
(6, 5, 0.671132, '2020-12-01 16:52:59'),
(6, 6, 0.000693536, '2020-12-01 16:52:59'),
(6, 7, 4.18737, '2020-12-01 16:52:59'),
(6, 8, 2.1435, '2020-12-01 16:52:59'),
(6, 9, 3.87897, '2020-12-01 16:52:59'),
(6, 10, 3.92184, '2020-12-01 16:52:59'),
(6, 11, 3.79908, '2020-12-01 16:52:59'),
(6, 12, 2.38655, '2020-12-01 16:53:00'),
(6, 13, 3.24052, '2020-12-01 16:53:00'),
(6, 14, 0.906368, '2020-12-01 16:53:00'),
(6, 15, 2.56511, '2020-12-01 16:53:00'),
(6, 16, 3.11362, '2020-12-01 16:53:00'),
(6, 17, 4.83667, '2020-12-01 16:53:00'),
(6, 18, 2.87429, '2020-12-01 16:53:00'),
(6, 19, 0.37863, '2020-12-01 16:53:00'),
(7, 1, 2.98183, '2020-12-01 16:53:01'),
(7, 2, 1.70353, '2020-12-01 16:53:01'),
(7, 3, 4.91904, '2020-12-01 16:53:01'),
(7, 4, 3.15769, '2020-12-01 16:53:01'),
(7, 5, 0.814971, '2020-12-01 16:53:01'),
(7, 6, 2.26956, '2020-12-01 16:53:01'),
(7, 7, 3.90548, '2020-12-01 16:53:01'),
(7, 8, 1.70556, '2020-12-01 16:53:01'),
(7, 9, 1.74291, '2020-12-01 16:53:01'),
(7, 10, 2.49818, '2020-12-01 16:53:02'),
(7, 11, 3.81747, '2020-12-01 16:53:02'),
(7, 12, 0.590643, '2020-12-01 16:53:02'),
(7, 13, 1.27654, '2020-12-01 16:53:02'),
(7, 14, 4.90692, '2020-12-01 16:53:02'),
(7, 15, 0.14062, '2020-12-01 16:53:02'),
(7, 16, 3.54162, '2020-12-01 16:53:02'),
(7, 17, 0.0153244, '2020-12-01 16:53:02'),
(7, 18, 4.24706, '2020-12-01 16:53:02'),
(7, 19, 2.7543, '2020-12-01 16:53:03'),
(8, 1, 1.49273, '2020-12-01 16:53:03'),
(8, 2, 1.37251, '2020-12-01 16:53:03'),
(8, 3, 1.13058, '2020-12-01 16:53:03'),
(8, 4, 0.400343, '2020-12-01 16:53:03'),
(8, 5, 2.33469, '2020-12-01 16:53:03'),
(8, 6, 3.01913, '2020-12-01 16:53:03'),
(8, 7, 1.79796, '2020-12-01 16:53:03'),
(8, 8, 3.08855, '2020-12-01 16:53:04'),
(8, 9, 4.57185, '2020-12-01 16:53:04'),
(8, 10, 1.21275, '2020-12-01 16:53:04'),
(8, 11, 2.74171, '2020-12-01 16:53:04'),
(8, 12, 2.11788, '2020-12-01 16:53:04'),
(8, 13, 0.635875, '2020-12-01 16:53:04'),
(8, 14, 0.510024, '2020-12-01 16:53:04'),
(8, 15, 3.1696, '2020-12-01 16:53:04'),
(8, 16, 1.57516, '2020-12-01 16:53:04'),
(8, 17, 1.6413, '2020-12-01 16:53:05'),
(8, 18, 4.0296, '2020-12-01 16:53:05'),
(8, 19, 2.77059, '2020-12-01 16:53:05'),
(9, 1, 2.51346, '2020-12-01 16:53:05'),
(9, 2, 1.98356, '2020-12-01 16:53:05'),
(9, 3, 2.43812, '2020-12-01 16:53:05'),
(9, 4, 4.76126, '2020-12-01 16:53:05'),
(9, 5, 1.47184, '2020-12-01 16:53:05'),
(9, 6, 3.24658, '2020-12-01 16:53:05'),
(9, 7, 0.55755, '2020-12-01 16:53:06'),
(9, 8, 2.73846, '2020-12-01 16:53:06'),
(9, 9, 4.02803, '2020-12-01 16:53:06'),
(9, 10, 3.47819, '2020-12-01 16:53:06'),
(9, 11, 2.23534, '2020-12-01 16:53:06'),
(9, 12, 1.52483, '2020-12-01 16:53:06'),
(9, 13, 4.93187, '2020-12-01 16:53:06'),
(9, 14, 4.99064, '2020-12-01 16:53:06'),
(9, 15, 4.90506, '2020-12-01 16:53:07'),
(9, 16, 2.76872, '2020-12-01 16:53:07'),
(9, 17, 2.63031, '2020-12-01 16:53:07'),
(9, 18, 1.47133, '2020-12-01 16:53:07'),
(9, 19, 2.94648, '2020-12-01 16:53:07'),
(10, 1, 2.7556, '2020-12-01 16:53:07'),
(10, 2, 3.40074, '2020-12-01 16:53:07'),
(10, 3, 3.84088, '2020-12-01 16:53:07'),
(10, 4, 0.369522, '2020-12-01 16:53:07'),
(10, 5, 4.23462, '2020-12-01 16:53:08'),
(10, 6, 2.15882, '2020-12-01 16:53:08'),
(10, 7, 0.102268, '2020-12-01 16:53:08'),
(10, 8, 4.24986, '2020-12-01 16:53:08'),
(10, 9, 3.9716, '2020-12-01 16:53:08'),
(10, 10, 3.44479, '2020-12-01 16:53:08'),
(10, 11, 1.98411, '2020-12-01 16:53:08'),
(10, 12, 1.82174, '2020-12-01 16:53:08'),
(10, 13, 4.13422, '2020-12-01 16:53:08'),
(10, 14, 3.26304, '2020-12-01 16:53:09'),
(10, 15, 4.87596, '2020-12-01 16:53:09'),
(10, 16, 2.66852, '2020-12-01 16:53:09'),
(10, 17, 2.92841, '2020-12-01 16:53:09'),
(10, 18, 3.06372, '2020-12-01 16:53:09'),
(10, 19, 2.84762, '2020-12-01 16:53:09'),
(11, 1, 3.29332, '2020-12-01 16:53:09'),
(11, 2, 0.184995, '2020-12-01 16:53:09'),
(11, 3, 3.89708, '2020-12-01 16:53:10'),
(11, 4, 1.56825, '2020-12-01 16:53:10'),
(11, 5, 0.226957, '2020-12-01 16:53:10'),
(11, 6, 3.42008, '2020-12-01 16:53:10'),
(11, 7, 0.0112636, '2020-12-01 16:53:10'),
(11, 8, 1.98456, '2020-12-01 16:53:10'),
(11, 9, 1.71464, '2020-12-01 16:53:10'),
(11, 10, 2.64611, '2020-12-01 16:53:10'),
(11, 11, 3.97228, '2020-12-01 16:53:11'),
(11, 12, 2.55166, '2020-12-01 16:53:11'),
(11, 13, 1.18992, '2020-12-01 16:53:11'),
(11, 14, 4.88524, '2020-12-01 16:53:11'),
(11, 15, 0.827822, '2020-12-01 16:53:11'),
(11, 16, 1.85248, '2020-12-01 16:53:11'),
(11, 17, 1.16947, '2020-12-01 16:53:11'),
(11, 18, 2.04503, '2020-12-01 16:53:11'),
(11, 19, 4.99754, '2020-12-01 16:53:12'),
(12, 1, 2.63339, '2020-12-01 16:53:12'),
(12, 2, 0.971045, '2020-12-01 16:53:12'),
(12, 3, 0.847677, '2020-12-01 16:53:12'),
(12, 4, 3.64868, '2020-12-01 16:53:12'),
(12, 5, 0.222362, '2020-12-01 16:53:12'),
(12, 6, 1.48706, '2020-12-01 16:53:12'),
(12, 7, 4.60826, '2020-12-01 16:53:13'),
(12, 8, 1.40494, '2020-12-01 16:53:13'),
(12, 9, 2.53397, '2020-12-01 16:53:13'),
(12, 10, 4.95158, '2020-12-01 16:53:13'),
(12, 11, 4.73977, '2020-12-01 16:53:13'),
(12, 12, 0.204687, '2020-12-01 16:53:13'),
(12, 13, 1.18944, '2020-12-01 16:53:13'),
(12, 14, 0.879951, '2020-12-01 16:53:13'),
(12, 15, 2.40539, '2020-12-01 16:53:14'),
(12, 16, 1.19186, '2020-12-01 16:53:14'),
(12, 17, 0.495619, '2020-12-01 16:53:14'),
(12, 18, 0.440708, '2020-12-01 16:53:14'),
(12, 19, 1.52583, '2020-12-01 16:53:14'),
(13, 1, 2.44021, '2020-12-01 16:53:14'),
(13, 2, 4.27346, '2020-12-01 16:53:14'),
(13, 3, 4.21905, '2020-12-01 16:53:15'),
(13, 4, 1.90834, '2020-12-01 16:53:15'),
(13, 5, 0.861442, '2020-12-01 16:53:15'),
(13, 6, 1.29249, '2020-12-01 16:53:15'),
(13, 7, 3.46567, '2020-12-01 16:53:15'),
(13, 8, 3.15388, '2020-12-01 16:53:15'),
(13, 9, 3.95083, '2020-12-01 16:53:15'),
(13, 10, 3.35804, '2020-12-01 16:53:15'),
(13, 11, 0.182343, '2020-12-01 16:53:15'),
(13, 12, 1.19312, '2020-12-01 16:53:16'),
(13, 13, 3.59154, '2020-12-01 16:53:16'),
(13, 14, 1.92881, '2020-12-01 16:53:16'),
(13, 15, 4.40497, '2020-12-01 16:53:16'),
(13, 16, 2.42597, '2020-12-01 16:53:16'),
(13, 17, 1.73876, '2020-12-01 16:53:16'),
(13, 18, 1.91908, '2020-12-01 16:53:16'),
(13, 19, 4.00345, '2020-12-01 16:53:17'),
(14, 1, 3.43257, '2020-12-01 16:53:17'),
(14, 2, 0.809103, '2020-12-01 16:53:17'),
(14, 3, 4.92563, '2020-12-01 16:53:17'),
(14, 4, 2.11356, '2020-12-01 16:53:17'),
(14, 5, 0.488951, '2020-12-01 16:53:17'),
(14, 6, 4.11554, '2020-12-01 16:53:17'),
(14, 7, 0.479949, '2020-12-01 16:53:17'),
(14, 8, 3.79096, '2020-12-01 16:53:18'),
(14, 9, 2.07434, '2020-12-01 16:53:18'),
(14, 10, 1.63625, '2020-12-01 16:53:18'),
(14, 11, 0.306318, '2020-12-01 16:53:18'),
(14, 12, 3.62579, '2020-12-01 16:53:18'),
(14, 13, 3.21571, '2020-12-01 16:53:18'),
(14, 14, 3.35585, '2020-12-01 16:53:18'),
(14, 15, 2.70792, '2020-12-01 16:53:18'),
(14, 16, 0.616838, '2020-12-01 16:53:19'),
(14, 17, 4.8228, '2020-12-01 16:53:19'),
(14, 18, 0.763281, '2020-12-01 16:53:19'),
(14, 19, 2.28477, '2020-12-01 16:53:19'),
(15, 1, 3.41298, '2020-12-01 16:53:19'),
(15, 2, 1.50294, '2020-12-01 16:53:20'),
(15, 3, 3.33557, '2020-12-01 16:53:20'),
(15, 4, 2.00701, '2020-12-01 16:53:20'),
(15, 5, 3.62858, '2020-12-01 16:53:20'),
(15, 6, 2.7653, '2020-12-01 16:53:20'),
(15, 7, 0.433881, '2020-12-01 16:53:20'),
(15, 8, 3.91183, '2020-12-01 16:53:20'),
(15, 9, 3.16721, '2020-12-01 16:53:21'),
(15, 10, 0.595849, '2020-12-01 16:53:21'),
(15, 11, 0.222472, '2020-12-01 16:53:21'),
(15, 12, 3.1057, '2020-12-01 16:53:21'),
(15, 13, 2.04051, '2020-12-01 16:53:21'),
(15, 14, 4.84609, '2020-12-01 16:53:21'),
(15, 15, 0.802915, '2020-12-01 16:53:21'),
(15, 16, 1.78117, '2020-12-01 16:53:22'),
(15, 17, 4.76315, '2020-12-01 16:53:22'),
(15, 18, 0.874929, '2020-12-01 16:53:22'),
(15, 19, 3.6606, '2020-12-01 16:53:22'),
(16, 1, 2.56311, '2020-12-01 16:53:22'),
(16, 2, 3.8208, '2020-12-01 16:53:22'),
(16, 3, 3.24104, '2020-12-01 16:53:23'),
(16, 4, 2.62997, '2020-12-01 16:53:23'),
(16, 5, 0.652821, '2020-12-01 16:53:23'),
(16, 6, 4.12104, '2020-12-01 16:53:23'),
(16, 7, 0.577643, '2020-12-01 16:53:23'),
(16, 8, 4.94059, '2020-12-01 16:53:23'),
(16, 9, 4.00107, '2020-12-01 16:53:24'),
(16, 10, 1.7423, '2020-12-01 16:53:24'),
(16, 11, 1.14891, '2020-12-01 16:53:24'),
(16, 12, 2.81248, '2020-12-01 16:53:24'),
(16, 13, 3.39661, '2020-12-01 16:53:24'),
(16, 14, 4.14051, '2020-12-01 16:53:24'),
(16, 15, 2.88626, '2020-12-01 16:53:25'),
(16, 16, 3.79126, '2020-12-01 16:53:25'),
(16, 17, 3.12614, '2020-12-01 16:53:25'),
(16, 18, 2.44461, '2020-12-01 16:53:25'),
(16, 19, 2.85758, '2020-12-01 16:53:25'),
(17, 1, 1.58888, '2020-12-01 16:53:25'),
(17, 2, 3.97316, '2020-12-01 16:53:26'),
(17, 3, 2.40418, '2020-12-01 16:53:26'),
(17, 4, 1.80763, '2020-12-01 16:53:26'),
(17, 5, 1.94745, '2020-12-01 16:53:26'),
(17, 6, 3.23539, '2020-12-01 16:53:26'),
(17, 7, 2.20789, '2020-12-01 16:53:26'),
(17, 8, 0.686501, '2020-12-01 16:53:26'),
(17, 9, 4.95849, '2020-12-01 16:53:26'),
(17, 10, 1.46474, '2020-12-01 16:53:26'),
(17, 11, 0.471347, '2020-12-01 16:53:27'),
(17, 12, 0.159091, '2020-12-01 16:53:27'),
(17, 13, 3.21188, '2020-12-01 16:53:27'),
(17, 14, 0.551813, '2020-12-01 16:53:27'),
(17, 15, 1.86727, '2020-12-01 16:53:27'),
(17, 16, 4.97859, '2020-12-01 16:53:27'),
(17, 17, 3.1319, '2020-12-01 16:53:27'),
(17, 18, 0.528601, '2020-12-01 16:53:28'),
(17, 19, 0.974136, '2020-12-01 16:53:28'),
(18, 1, 0.925289, '2020-12-01 16:53:28'),
(18, 2, 0.920302, '2020-12-01 16:53:28'),
(18, 3, 3.47057, '2020-12-01 16:53:28'),
(18, 4, 3.92559, '2020-12-01 16:53:28'),
(18, 5, 0.127505, '2020-12-01 16:53:28'),
(18, 6, 0.691242, '2020-12-01 16:53:28'),
(18, 7, 3.17231, '2020-12-01 16:53:28'),
(18, 8, 4.80075, '2020-12-01 16:53:29'),
(18, 9, 4.77525, '2020-12-01 16:53:29'),
(18, 10, 2.63212, '2020-12-01 16:53:29'),
(18, 11, 1.42588, '2020-12-01 16:53:29'),
(18, 12, 2.83956, '2020-12-01 16:53:29'),
(18, 13, 4.50743, '2020-12-01 16:53:29'),
(18, 14, 4.42611, '2020-12-01 16:53:29'),
(18, 15, 1.47336, '2020-12-01 16:53:29'),
(18, 16, 3.26367, '2020-12-01 16:53:30'),
(18, 17, 1.05304, '2020-12-01 16:53:30'),
(18, 18, 0.303664, '2020-12-01 16:53:30'),
(18, 19, 0.918247, '2020-12-01 16:53:30'),
(19, 1, 0.33469, '2020-12-01 16:53:30'),
(19, 2, 0.877746, '2020-12-01 16:53:30'),
(19, 3, 1.85686, '2020-12-01 16:53:30'),
(19, 4, 0.0297129, '2020-12-01 16:53:30'),
(19, 5, 2.21993, '2020-12-01 16:53:31'),
(19, 6, 1.1964, '2020-12-01 16:53:31'),
(19, 7, 3.99711, '2020-12-01 16:53:31'),
(19, 8, 4.15706, '2020-12-01 16:53:31'),
(19, 9, 4.27863, '2020-12-01 16:53:31'),
(19, 10, 1.57026, '2020-12-01 16:53:31'),
(19, 11, 0.0663497, '2020-12-01 16:53:31'),
(19, 12, 2.66546, '2020-12-01 16:53:31'),
(19, 13, 0.0698962, '2020-12-01 16:53:31'),
(19, 14, 1.8251, '2020-12-01 16:53:32'),
(19, 15, 1.79823, '2020-12-01 16:53:32'),
(19, 16, 1.63871, '2020-12-01 16:53:32'),
(19, 17, 4.44996, '2020-12-01 16:53:32'),
(19, 18, 4.63082, '2020-12-01 16:53:32'),
(19, 19, 2.70155, '2020-12-01 16:53:32'),
(20, 1, 0.824341, '2020-12-01 16:53:32'),
(20, 2, 0.97016, '2020-12-01 16:53:32'),
(20, 3, 1.25267, '2020-12-01 16:53:33'),
(20, 4, 2.20211, '2020-12-01 16:53:33'),
(20, 5, 4.28196, '2020-12-01 16:53:33'),
(20, 6, 2.89302, '2020-12-01 16:53:33'),
(20, 7, 2.70437, '2020-12-01 16:53:33'),
(20, 8, 1.52395, '2020-12-01 16:53:33'),
(20, 9, 0.432736, '2020-12-01 16:53:33'),
(20, 10, 4.35424, '2020-12-01 16:53:34'),
(20, 11, 3.66257, '2020-12-01 16:53:34'),
(20, 12, 4.07941, '2020-12-01 16:53:34'),
(20, 13, 0.539011, '2020-12-01 16:53:34'),
(20, 14, 2.22504, '2020-12-01 16:53:34'),
(20, 15, 0.581641, '2020-12-01 16:53:34'),
(20, 16, 4.61957, '2020-12-01 16:53:34'),
(20, 17, 0.0214895, '2020-12-01 16:53:34'),
(20, 18, 0.696548, '2020-12-01 16:53:35'),
(20, 19, 3.89441, '2020-12-01 16:53:35'),
(21, 1, 3.64016, '2020-12-01 16:53:35'),
(21, 2, 0.203394, '2020-12-01 16:53:35'),
(21, 3, 0.630346, '2020-12-01 16:53:35'),
(21, 4, 2.51253, '2020-12-01 16:53:35'),
(21, 5, 2.93626, '2020-12-01 16:53:36'),
(21, 6, 4.56008, '2020-12-01 16:53:36'),
(21, 7, 2.96373, '2020-12-01 16:53:36'),
(21, 8, 1.07364, '2020-12-01 16:53:36'),
(21, 9, 1.10899, '2020-12-01 16:53:36'),
(21, 10, 4.30564, '2020-12-01 16:53:36'),
(21, 11, 1.06705, '2020-12-01 16:53:36'),
(21, 12, 4.3869, '2020-12-01 16:53:36'),
(21, 13, 2.9472, '2020-12-01 16:53:37'),
(21, 14, 3.4253, '2020-12-01 16:53:37'),
(21, 15, 3.17872, '2020-12-01 16:53:37'),
(21, 16, 1.61538, '2020-12-01 16:53:37'),
(21, 17, 3.37989, '2020-12-01 16:53:37'),
(21, 18, 2.65687, '2020-12-01 16:53:37'),
(21, 19, 1.8157, '2020-12-01 16:53:37'),
(22, 1, 0.741979, '2020-12-01 16:53:38'),
(22, 2, 3.65943, '2020-12-01 16:53:38'),
(22, 3, 1.03352, '2020-12-01 16:53:38'),
(22, 4, 1.61218, '2020-12-01 16:53:38'),
(22, 5, 4.04951, '2020-12-01 16:53:38'),
(22, 6, 3.18471, '2020-12-01 16:53:38'),
(22, 7, 4.33697, '2020-12-01 16:53:38'),
(22, 8, 2.60204, '2020-12-01 16:53:38'),
(22, 9, 3.31409, '2020-12-01 16:53:39'),
(22, 10, 2.72169, '2020-12-01 16:53:39'),
(22, 11, 4.28758, '2020-12-01 16:53:39'),
(22, 12, 2.40867, '2020-12-01 16:53:39'),
(22, 13, 4.82886, '2020-12-01 16:53:39'),
(22, 14, 0.704197, '2020-12-01 16:53:39'),
(22, 15, 1.96751, '2020-12-01 16:53:39'),
(22, 16, 4.53411, '2020-12-01 16:53:39'),
(22, 17, 2.4278, '2020-12-01 16:53:40'),
(22, 18, 2.59896, '2020-12-01 16:53:40'),
(22, 19, 4.7108, '2020-12-01 16:53:40'),
(23, 1, 1.3204, '2020-12-01 16:53:40'),
(23, 2, 2.22442, '2020-12-01 16:53:40'),
(23, 3, 0.724303, '2020-12-01 16:53:40'),
(23, 4, 0.231715, '2020-12-01 16:53:40'),
(23, 5, 2.33054, '2020-12-01 16:53:40'),
(23, 6, 3.47554, '2020-12-01 16:53:41'),
(23, 7, 1.98758, '2020-12-01 16:53:41'),
(23, 8, 2.85906, '2020-12-01 16:53:41'),
(23, 9, 3.75844, '2020-12-01 16:53:41'),
(23, 10, 4.79098, '2020-12-01 16:53:41'),
(23, 11, 0.674692, '2020-12-01 16:53:41'),
(23, 12, 1.45741, '2020-12-01 16:53:41'),
(23, 13, 4.899, '2020-12-01 16:53:41'),
(23, 14, 0.905387, '2020-12-01 16:53:42'),
(23, 15, 4.47144, '2020-12-01 16:53:42'),
(23, 16, 3.28976, '2020-12-01 16:53:42'),
(23, 17, 0.25242, '2020-12-01 16:53:42'),
(23, 18, 1.14955, '2020-12-01 16:53:42'),
(23, 19, 3.53332, '2020-12-01 16:53:42'),
(24, 1, 3.47963, '2020-12-01 16:53:42'),
(24, 2, 2.64629, '2020-12-01 16:53:42'),
(24, 3, 2.23183, '2020-12-01 16:53:43'),
(24, 4, 2.00242, '2020-12-01 16:53:43'),
(24, 5, 1.9297, '2020-12-01 16:53:43'),
(24, 6, 2.78917, '2020-12-01 16:53:43'),
(24, 7, 4.42342, '2020-12-01 16:53:43'),
(24, 8, 1.66521, '2020-12-01 16:53:43'),
(24, 9, 3.15021, '2020-12-01 16:53:43'),
(24, 10, 3.70356, '2020-12-01 16:53:43'),
(24, 11, 4.51912, '2020-12-01 16:53:43'),
(24, 12, 3.76098, '2020-12-01 16:53:44'),
(24, 13, 2.84625, '2020-12-01 16:53:44'),
(24, 14, 2.13426, '2020-12-01 16:53:44'),
(24, 15, 3.5984, '2020-12-01 16:53:44'),
(24, 16, 3.52156, '2020-12-01 16:53:44'),
(24, 17, 3.15293, '2020-12-01 16:53:44'),
(24, 18, 2.06278, '2020-12-01 16:53:44'),
(24, 19, 0.583221, '2020-12-01 16:53:44'),
(25, 1, 0.275259, '2020-12-01 16:53:44'),
(25, 2, 3.29958, '2020-12-01 16:53:45'),
(25, 3, 4.76962, '2020-12-01 16:53:45'),
(25, 4, 4.43361, '2020-12-01 16:53:45'),
(25, 5, 0.625524, '2020-12-01 16:53:45'),
(25, 6, 2.52456, '2020-12-01 16:53:45'),
(25, 7, 1.61992, '2020-12-01 16:53:45'),
(25, 8, 1.7781, '2020-12-01 16:53:45'),
(25, 9, 1.30864, '2020-12-01 16:53:45'),
(25, 10, 0.214297, '2020-12-01 16:53:46'),
(25, 11, 0.34962, '2020-12-01 16:53:46'),
(25, 12, 3.28637, '2020-12-01 16:53:46'),
(25, 13, 1.59593, '2020-12-01 16:53:46'),
(25, 14, 2.85825, '2020-12-01 16:53:46'),
(25, 15, 0.965479, '2020-12-01 16:53:46'),
(25, 16, 2.33722, '2020-12-01 16:53:46'),
(25, 17, 2.42932, '2020-12-01 16:53:46'),
(25, 18, 0.703739, '2020-12-01 16:53:46'),
(25, 19, 4.31225, '2020-12-01 16:53:47'),
(26, 1, 2.28993, '2020-12-01 16:53:47'),
(26, 2, 2.565, '2020-12-01 16:53:47'),
(26, 3, 2.80699, '2020-12-01 16:53:47'),
(26, 4, 4.6408, '2020-12-01 16:53:47'),
(26, 5, 1.71691, '2020-12-01 16:53:47'),
(26, 6, 4.40183, '2020-12-01 16:53:47'),
(26, 7, 4.10909, '2020-12-01 16:53:47'),
(26, 8, 3.67998, '2020-12-01 16:53:48'),
(26, 9, 2.81822, '2020-12-01 16:53:48'),
(26, 10, 3.57116, '2020-12-01 16:53:48'),
(26, 11, 4.68447, '2020-12-01 16:53:48'),
(26, 12, 1.31274, '2020-12-01 16:53:48'),
(26, 13, 3.42139, '2020-12-01 16:53:48'),
(26, 14, 4.86302, '2020-12-01 16:53:48'),
(26, 15, 3.90887, '2020-12-01 16:53:48'),
(26, 16, 0.49448, '2020-12-01 16:53:48'),
(26, 17, 4.49521, '2020-12-01 16:53:49'),
(26, 18, 0.351752, '2020-12-01 16:53:49'),
(26, 19, 1.49808, '2020-12-01 16:53:49'),
(27, 1, 0.623967, '2020-12-01 16:53:49'),
(27, 2, 2.06228, '2020-12-01 16:53:49'),
(27, 3, 3.63125, '2020-12-01 16:53:49'),
(27, 4, 2.77425, '2020-12-01 16:53:49'),
(27, 5, 0.0498561, '2020-12-01 16:53:49'),
(27, 6, 0.567346, '2020-12-01 16:53:49'),
(27, 7, 1.00255, '2020-12-01 16:53:50'),
(27, 8, 4.43654, '2020-12-01 16:53:50'),
(27, 9, 4.31534, '2020-12-01 16:53:50'),
(27, 10, 0.101656, '2020-12-01 16:53:50'),
(27, 11, 1.38211, '2020-12-01 16:53:50'),
(27, 12, 0.525809, '2020-12-01 16:53:50'),
(27, 13, 3.21392, '2020-12-01 16:53:50'),
(27, 14, 2.43516, '2020-12-01 16:53:50'),
(27, 15, 3.75895, '2020-12-01 16:53:50'),
(27, 16, 3.09218, '2020-12-01 16:53:51'),
(27, 17, 4.45055, '2020-12-01 16:53:51'),
(27, 18, 3.76945, '2020-12-01 16:53:51'),
(27, 19, 4.77112, '2020-12-01 16:53:51'),
(28, 1, 1.70253, '2020-12-01 16:53:51'),
(28, 2, 3.36486, '2020-12-01 16:53:51'),
(28, 3, 3.46946, '2020-12-01 16:53:51'),
(28, 4, 3.43093, '2020-12-01 16:53:51'),
(28, 5, 4.3351, '2020-12-01 16:53:51'),
(28, 6, 1.88825, '2020-12-01 16:53:52'),
(28, 7, 4.45599, '2020-12-01 16:53:52'),
(28, 8, 0.12427, '2020-12-01 16:53:52'),
(28, 9, 0.483132, '2020-12-01 16:53:52'),
(28, 10, 2.74685, '2020-12-01 16:53:52'),
(28, 11, 2.37943, '2020-12-01 16:53:52'),
(28, 12, 1.04068, '2020-12-01 16:53:52'),
(28, 13, 3.10017, '2020-12-01 16:53:52'),
(28, 14, 3.16842, '2020-12-01 16:53:52'),
(28, 15, 0.314379, '2020-12-01 16:53:53'),
(28, 16, 3.07883, '2020-12-01 16:53:53'),
(28, 17, 2.11192, '2020-12-01 16:53:53'),
(28, 18, 2.87101, '2020-12-01 16:53:53'),
(28, 19, 0.360991, '2020-12-01 16:53:53'),
(29, 1, 2.95861, '2020-12-01 16:53:53'),
(29, 2, 3.77275, '2020-12-01 16:53:53'),
(29, 3, 4.8399, '2020-12-01 16:53:53'),
(29, 4, 1.99615, '2020-12-01 16:53:53'),
(29, 5, 3.09038, '2020-12-01 16:53:54'),
(29, 6, 0.300934, '2020-12-01 16:53:54'),
(29, 7, 4.87027, '2020-12-01 16:53:54'),
(29, 8, 4.52231, '2020-12-01 16:53:54'),
(29, 9, 1.66658, '2020-12-01 16:53:54'),
(29, 10, 2.0287, '2020-12-01 16:53:54'),
(29, 11, 2.86212, '2020-12-01 16:53:54'),
(29, 12, 1.98865, '2020-12-01 16:53:54'),
(29, 13, 0.444267, '2020-12-01 16:53:54'),
(29, 14, 2.05939, '2020-12-01 16:53:55'),
(29, 15, 1.44645, '2020-12-01 16:53:55'),
(29, 16, 3.89457, '2020-12-01 16:53:55'),
(29, 17, 2.2876, '2020-12-01 16:53:55'),
(29, 18, 4.55693, '2020-12-01 16:53:55'),
(29, 19, 3.91283, '2020-12-01 16:53:55'),
(30, 1, 3.84404, '2020-12-01 16:53:55'),
(30, 2, 3.56662, '2020-12-01 16:53:55'),
(30, 3, 2.90429, '2020-12-01 16:53:55'),
(30, 4, 4.93969, '2020-12-01 16:53:56'),
(30, 5, 3.75099, '2020-12-01 16:53:56'),
(30, 6, 3.28508, '2020-12-01 16:53:56'),
(30, 7, 1.17683, '2020-12-01 16:53:56'),
(30, 8, 0.622918, '2020-12-01 16:53:56'),
(30, 9, 2.5998, '2020-12-01 16:53:56'),
(30, 10, 1.86014, '2020-12-01 16:53:56'),
(30, 11, 4.45663, '2020-12-01 16:53:56'),
(30, 12, 0.798875, '2020-12-01 16:53:57'),
(30, 13, 0.824056, '2020-12-01 16:53:57'),
(30, 14, 4.28961, '2020-12-01 16:53:57'),
(30, 15, 2.00629, '2020-12-01 16:53:57'),
(30, 16, 3.41648, '2020-12-01 16:53:57'),
(30, 17, 0.0887767, '2020-12-01 16:53:57'),
(30, 18, 0.242678, '2020-12-01 16:53:57'),
(30, 19, 0.0607231, '2020-12-01 16:53:57'),
(31, 1, 2.49312, '2020-12-01 16:53:57'),
(31, 2, 2.38324, '2020-12-01 16:53:58'),
(31, 3, 3.443, '2020-12-01 16:53:58'),
(31, 4, 3.40653, '2020-12-01 16:53:58'),
(31, 5, 1.16803, '2020-12-01 16:53:58'),
(31, 6, 3.28299, '2020-12-01 16:53:58'),
(31, 7, 0.635167, '2020-12-01 16:53:58'),
(31, 8, 0.970382, '2020-12-01 16:53:58'),
(31, 9, 2.61502, '2020-12-01 16:53:58'),
(31, 10, 2.06263, '2020-12-01 16:53:58'),
(31, 11, 2.38706, '2020-12-01 16:53:59'),
(31, 12, 2.96999, '2020-12-01 16:53:59'),
(31, 13, 2.09878, '2020-12-01 16:53:59'),
(31, 14, 1.15348, '2020-12-01 16:53:59'),
(31, 15, 0.963265, '2020-12-01 16:53:59'),
(31, 16, 3.72486, '2020-12-01 16:53:59'),
(31, 17, 0.29922, '2020-12-01 16:53:59'),
(31, 18, 0.0393439, '2020-12-01 16:53:59'),
(31, 19, 4.71921, '2020-12-01 16:54:00'),
(32, 1, 1.38362, '2020-12-01 16:54:00'),
(32, 2, 1.03409, '2020-12-01 16:54:00'),
(32, 3, 3.88844, '2020-12-01 16:54:00'),
(32, 4, 2.41727, '2020-12-01 16:54:00'),
(32, 5, 3.41802, '2020-12-01 16:54:00'),
(32, 6, 1.73993, '2020-12-01 16:54:00'),
(32, 7, 2.1886, '2020-12-01 16:54:00'),
(32, 8, 3.25952, '2020-12-01 16:54:01'),
(32, 9, 0.920245, '2020-12-01 16:54:01'),
(32, 10, 3.65508, '2020-12-01 16:54:01'),
(32, 11, 4.2064, '2020-12-01 16:54:01'),
(32, 12, 2.3062, '2020-12-01 16:54:01'),
(32, 13, 0.537322, '2020-12-01 16:54:01'),
(32, 14, 3.56841, '2020-12-01 16:54:01'),
(32, 15, 2.13098, '2020-12-01 16:54:01'),
(32, 16, 0.842, '2020-12-01 16:54:02'),
(32, 17, 1.60013, '2020-12-01 16:54:02'),
(32, 18, 4.82329, '2020-12-01 16:54:02'),
(32, 19, 4.45473, '2020-12-01 16:54:02'),
(33, 1, 4.6573, '2020-12-01 16:54:02'),
(33, 2, 4.8633, '2020-12-01 16:54:02'),
(33, 3, 2.92514, '2020-12-01 16:54:02'),
(33, 4, 2.90245, '2020-12-01 16:54:03'),
(33, 5, 1.29745, '2020-12-01 16:54:03'),
(33, 6, 1.31191, '2020-12-01 16:54:03'),
(33, 7, 0.303248, '2020-12-01 16:54:03'),
(33, 8, 0.271971, '2020-12-01 16:54:03'),
(33, 9, 1.47865, '2020-12-01 16:54:04'),
(33, 10, 2.66706, '2020-12-01 16:54:04'),
(33, 11, 1.8116, '2020-12-01 16:54:04'),
(33, 12, 0.14764, '2020-12-01 16:54:04'),
(33, 13, 4.36492, '2020-12-01 16:54:04'),
(33, 14, 2.8458, '2020-12-01 16:54:04'),
(33, 15, 1.47768, '2020-12-01 16:54:05'),
(33, 16, 2.38587, '2020-12-01 16:54:05'),
(33, 17, 4.29163, '2020-12-01 16:54:05'),
(33, 18, 0.0772288, '2020-12-01 16:54:05'),
(33, 19, 1.03793, '2020-12-01 16:54:05'),
(34, 1, 0.184735, '2020-12-01 16:54:05'),
(34, 2, 1.76903, '2020-12-01 16:54:05'),
(34, 3, 3.37492, '2020-12-01 16:54:05'),
(34, 4, 0.701964, '2020-12-01 16:54:05'),
(34, 5, 1.72524, '2020-12-01 16:54:05'),
(34, 6, 2.32054, '2020-12-01 16:54:06'),
(34, 7, 3.30727, '2020-12-01 16:54:06'),
(34, 8, 2.99442, '2020-12-01 16:54:06'),
(34, 9, 1.46909, '2020-12-01 16:54:06'),
(34, 10, 2.93696, '2020-12-01 16:54:06'),
(34, 11, 1.71521, '2020-12-01 16:54:06'),
(34, 12, 0.823721, '2020-12-01 16:54:06'),
(34, 13, 2.92071, '2020-12-01 16:54:06'),
(34, 14, 0.729302, '2020-12-01 16:54:06'),
(34, 15, 4.61747, '2020-12-01 16:54:07'),
(34, 16, 3.53449, '2020-12-01 16:54:07'),
(34, 17, 0.152659, '2020-12-01 16:54:07'),
(34, 18, 4.59828, '2020-12-01 16:54:07'),
(34, 19, 1.56307, '2020-12-01 16:54:07'),
(35, 1, 1.75484, '2020-12-01 16:54:07'),
(35, 2, 3.19512, '2020-12-01 16:54:07'),
(35, 3, 4.26854, '2020-12-01 16:54:07'),
(35, 4, 2.2137, '2020-12-01 16:54:08'),
(35, 5, 1.79695, '2020-12-01 16:54:08'),
(35, 6, 4.3248, '2020-12-01 16:54:08'),
(35, 7, 4.90094, '2020-12-01 16:54:08'),
(35, 8, 3.15171, '2020-12-01 16:54:08'),
(35, 9, 4.18039, '2020-12-01 16:54:08'),
(35, 10, 2.27596, '2020-12-01 16:54:08'),
(35, 11, 1.0861, '2020-12-01 16:54:08'),
(35, 12, 2.77164, '2020-12-01 16:54:08'),
(35, 13, 4.97241, '2020-12-01 16:54:09'),
(35, 14, 2.93543, '2020-12-01 16:54:09'),
(35, 15, 1.32506, '2020-12-01 16:54:09'),
(35, 16, 2.83427, '2020-12-01 16:54:09'),
(35, 17, 1.62011, '2020-12-01 16:54:09'),
(35, 18, 3.12411, '2020-12-01 16:54:09'),
(35, 19, 0.60077, '2020-12-01 16:54:09'),
(36, 1, 1.89835, '2020-12-01 16:54:10'),
(36, 2, 2.92874, '2020-12-01 16:54:10'),
(36, 3, 1.11243, '2020-12-01 16:54:10'),
(36, 4, 0.632952, '2020-12-01 16:54:10'),
(36, 5, 1.95504, '2020-12-01 16:54:10'),
(36, 6, 4.55733, '2020-12-01 16:54:10'),
(36, 7, 1.10898, '2020-12-01 16:54:10'),
(36, 8, 2.7588, '2020-12-01 16:54:10'),
(36, 9, 3.23803, '2020-12-01 16:54:11'),
(36, 10, 3.13223, '2020-12-01 16:54:11'),
(36, 11, 4.07604, '2020-12-01 16:54:11'),
(36, 12, 4.25234, '2020-12-01 16:54:11'),
(36, 13, 4.46677, '2020-12-01 16:54:11'),
(36, 14, 2.84587, '2020-12-01 16:54:11'),
(36, 15, 4.38091, '2020-12-01 16:54:11'),
(36, 16, 4.44117, '2020-12-01 16:54:11'),
(36, 17, 0.797679, '2020-12-01 16:54:12'),
(36, 18, 1.28236, '2020-12-01 16:54:12'),
(36, 19, 4.60584, '2020-12-01 16:54:12'),
(37, 1, 1.74135, '2020-12-01 16:54:12'),
(37, 2, 3.2036, '2020-12-01 16:54:12'),
(37, 3, 0.655744, '2020-12-01 16:54:12'),
(37, 4, 2.77382, '2020-12-01 16:54:12'),
(37, 5, 1.85645, '2020-12-01 16:54:12'),
(37, 6, 1.63144, '2020-12-01 16:54:13'),
(37, 7, 4.81088, '2020-12-01 16:54:13'),
(37, 8, 2.94941, '2020-12-01 16:54:13'),
(37, 9, 1.1449, '2020-12-01 16:54:13'),
(37, 10, 4.2572, '2020-12-01 16:54:13'),
(37, 11, 4.72453, '2020-12-01 16:54:13'),
(37, 12, 3.80948, '2020-12-01 16:54:13'),
(37, 13, 4.80605, '2020-12-01 16:54:13'),
(37, 14, 4.37046, '2020-12-01 16:54:13'),
(37, 15, 1.30505, '2020-12-01 16:54:14'),
(37, 16, 1.28511, '2020-12-01 16:54:14'),
(37, 17, 3.39322, '2020-12-01 16:54:14'),
(37, 18, 4.53611, '2020-12-01 16:54:14'),
(37, 19, 4.65862, '2020-12-01 16:54:14'),
(38, 1, 4.0847, '2020-12-01 16:54:14'),
(38, 2, 3.29162, '2020-12-01 16:54:14'),
(38, 3, 4.12989, '2020-12-01 16:54:14'),
(38, 4, 2.92112, '2020-12-01 16:54:15'),
(38, 5, 2.61187, '2020-12-01 16:54:15'),
(38, 6, 4.94497, '2020-12-01 16:54:15'),
(38, 7, 1.88347, '2020-12-01 16:54:15'),
(38, 8, 2.17144, '2020-12-01 16:54:15'),
(38, 9, 4.78997, '2020-12-01 16:54:15'),
(38, 10, 3.36082, '2020-12-01 16:54:15'),
(38, 11, 1.54295, '2020-12-01 16:54:15'),
(38, 12, 2.45393, '2020-12-01 16:54:15'),
(38, 13, 4.59831, '2020-12-01 16:54:16'),
(38, 14, 3.95327, '2020-12-01 16:54:16'),
(38, 15, 1.5212, '2020-12-01 16:54:16'),
(38, 16, 4.53231, '2020-12-01 16:54:16'),
(38, 17, 2.84803, '2020-12-01 16:54:16'),
(38, 18, 3.38209, '2020-12-01 16:54:16'),
(38, 19, 3.2106, '2020-12-01 16:54:16'),
(39, 1, 0.58203, '2020-12-01 16:54:16'),
(39, 2, 2.05161, '2020-12-01 16:54:16'),
(39, 3, 2.51206, '2020-12-01 16:54:17'),
(39, 4, 4.32148, '2020-12-01 16:54:17'),
(39, 5, 2.43937, '2020-12-01 16:54:17'),
(39, 6, 4.88354, '2020-12-01 16:54:17'),
(39, 7, 1.4892, '2020-12-01 16:54:17'),
(39, 8, 1.17497, '2020-12-01 16:54:17'),
(39, 9, 0.315242, '2020-12-01 16:54:17'),
(39, 10, 4.4838, '2020-12-01 16:54:17'),
(39, 11, 0.113845, '2020-12-01 16:54:18'),
(39, 12, 1.84535, '2020-12-01 16:54:18'),
(39, 13, 2.99216, '2020-12-01 16:54:18'),
(39, 14, 1.44088, '2020-12-01 16:54:18'),
(39, 15, 3.41465, '2020-12-01 16:54:18'),
(39, 16, 4.82174, '2020-12-01 16:54:18'),
(39, 17, 3.76214, '2020-12-01 16:54:18'),
(39, 18, 3.02546, '2020-12-01 16:54:18'),
(39, 19, 0.201291, '2020-12-01 16:54:18'),
(40, 1, 3.25795, '2020-12-01 16:54:19'),
(40, 2, 0.816643, '2020-12-01 16:54:19'),
(40, 3, 2.40772, '2020-12-01 16:54:19'),
(40, 4, 4.94065, '2020-12-01 16:54:19'),
(40, 5, 4.3013, '2020-12-01 16:54:19'),
(40, 6, 3.44706, '2020-12-01 16:54:19'),
(40, 7, 2.1582, '2020-12-01 16:54:19'),
(40, 8, 1.08902, '2020-12-01 16:54:19'),
(40, 9, 2.86043, '2020-12-01 16:54:19'),
(40, 10, 0.983115, '2020-12-01 16:54:20'),
(40, 11, 3.02155, '2020-12-01 16:54:20'),
(40, 12, 1.14323, '2020-12-01 16:54:20'),
(40, 13, 1.66462, '2020-12-01 16:54:20'),
(40, 14, 4.05764, '2020-12-01 16:54:20'),
(40, 15, 2.84322, '2020-12-01 16:54:20'),
(40, 16, 0.448752, '2020-12-01 16:54:20'),
(40, 17, 0.476393, '2020-12-01 16:54:20'),
(40, 18, 2.02018, '2020-12-01 16:54:21'),
(40, 19, 1.74671, '2020-12-01 16:54:21'),
(41, 1, 1.77798, '2020-12-01 16:54:21'),
(41, 2, 1.98563, '2020-12-01 16:54:21'),
(41, 3, 4.61209, '2020-12-01 16:54:21'),
(41, 4, 2.57852, '2020-12-01 16:54:21'),
(41, 5, 2.20541, '2020-12-01 16:54:21'),
(41, 6, 0.695008, '2020-12-01 16:54:21'),
(41, 7, 1.7839, '2020-12-01 16:54:21'),
(41, 8, 0.134444, '2020-12-01 16:54:22'),
(41, 9, 4.81039, '2020-12-01 16:54:22'),
(41, 10, 4.47332, '2020-12-01 16:54:22'),
(41, 11, 0.541763, '2020-12-01 16:54:22'),
(41, 12, 1.68208, '2020-12-01 16:54:22'),
(41, 13, 1.01106, '2020-12-01 16:54:22'),
(41, 14, 1.51392, '2020-12-01 16:54:22'),
(41, 15, 2.64177, '2020-12-01 16:54:22'),
(41, 16, 2.79051, '2020-12-01 16:54:22'),
(41, 17, 0.908687, '2020-12-01 16:54:23'),
(41, 18, 3.55173, '2020-12-01 16:54:23'),
(41, 19, 1.99541, '2020-12-01 16:54:23'),
(42, 1, 2.92223, '2020-12-01 16:54:23'),
(42, 2, 3.999, '2020-12-01 16:54:23'),
(42, 3, 2.42943, '2020-12-01 16:54:23'),
(42, 4, 0.575531, '2020-12-01 16:54:23'),
(42, 5, 0.6122, '2020-12-01 16:54:23'),
(42, 6, 2.27638, '2020-12-01 16:54:23'),
(42, 7, 0.804775, '2020-12-01 16:54:24'),
(42, 8, 4.97569, '2020-12-01 16:54:24'),
(42, 9, 0.476975, '2020-12-01 16:54:24'),
(42, 10, 0.0794872, '2020-12-01 16:54:24'),
(42, 11, 1.50878, '2020-12-01 16:54:24'),
(42, 12, 4.07817, '2020-12-01 16:54:24'),
(42, 13, 1.65218, '2020-12-01 16:54:24'),
(42, 14, 3.32778, '2020-12-01 16:54:24'),
(42, 15, 4.8545, '2020-12-01 16:54:24'),
(42, 16, 2.84426, '2020-12-01 16:54:25'),
(42, 17, 4.76146, '2020-12-01 16:54:25'),
(42, 18, 4.33668, '2020-12-01 16:54:25'),
(42, 19, 1.86848, '2020-12-01 16:54:25'),
(43, 1, 0.820629, '2020-12-01 16:54:25'),
(43, 2, 0.896586, '2020-12-01 16:54:25'),
(43, 3, 1.48555, '2020-12-01 16:54:25'),
(43, 4, 0.259624, '2020-12-01 16:54:25'),
(43, 5, 1.86032, '2020-12-01 16:54:26'),
(43, 6, 1.34198, '2020-12-01 16:54:26'),
(43, 7, 4.18881, '2020-12-01 16:54:26'),
(43, 8, 2.27117, '2020-12-01 16:54:26'),
(43, 9, 3.02225, '2020-12-01 16:54:26'),
(43, 10, 1.25466, '2020-12-01 16:54:26'),
(43, 11, 1.52662, '2020-12-01 16:54:26'),
(43, 12, 3.22386, '2020-12-01 16:54:26'),
(43, 13, 1.96949, '2020-12-01 16:54:27'),
(43, 14, 0.501126, '2020-12-01 16:54:27'),
(43, 15, 2.29845, '2020-12-01 16:54:27'),
(43, 16, 0.865417, '2020-12-01 16:54:27'),
(43, 17, 0.829757, '2020-12-01 16:54:27'),
(43, 18, 4.61781, '2020-12-01 16:54:27'),
(43, 19, 2.54876, '2020-12-01 16:54:27'),
(44, 1, 1.81205, '2020-12-01 16:54:27'),
(44, 2, 3.39096, '2020-12-01 16:54:27'),
(44, 3, 1.10188, '2020-12-01 16:54:28'),
(44, 4, 2.11891, '2020-12-01 16:54:28'),
(44, 5, 4.2077, '2020-12-01 16:54:28'),
(44, 6, 0.137233, '2020-12-01 16:54:28'),
(44, 7, 3.31284, '2020-12-01 16:54:28'),
(44, 8, 3.98576, '2020-12-01 16:54:28'),
(44, 9, 1.69685, '2020-12-01 16:54:28'),
(44, 10, 1.04525, '2020-12-01 16:54:28'),
(44, 11, 2.91297, '2020-12-01 16:54:29'),
(44, 12, 3.95604, '2020-12-01 16:54:29'),
(44, 13, 0.531742, '2020-12-01 16:54:29'),
(44, 14, 0.249088, '2020-12-01 16:54:29'),
(44, 15, 3.87181, '2020-12-01 16:54:29'),
(44, 16, 2.79208, '2020-12-01 16:54:29'),
(44, 17, 2.8747, '2020-12-01 16:54:29'),
(44, 18, 2.68695, '2020-12-01 16:54:29'),
(44, 19, 1.17753, '2020-12-01 16:54:30');

-- --------------------------------------------------------

--
-- Table structure for table `User_Study_History`
--

CREATE TABLE `User_Study_History` (
  `User_ID` int(11) NOT NULL,
  `Learning_Style_ID` int(11) NOT NULL,
  `Count` int(11) NOT NULL DEFAULT '0',
  `Create_At` timestamp NOT NULL DEFAULT CURRENT_TIMESTAMP,
  `Update_At` timestamp NOT NULL DEFAULT CURRENT_TIMESTAMP,
  `Admin_ID` int(11) NOT NULL
) ENGINE=InnoDB DEFAULT CHARSET=utf8;

--
-- Dumping data for table `User_Study_History`
--

INSERT INTO `User_Study_History` (`User_ID`, `Learning_Style_ID`, `Count`, `Create_At`, `Update_At`, `Admin_ID`) VALUES
(1, 2, 1, '2020-10-27 11:04:46', '2020-10-27 11:04:46', 3),
(1, 3, 1, '2020-10-27 11:04:46', '2020-10-27 11:04:46', 3),
(1, 4, 1, '2020-10-27 11:04:46', '2020-10-27 11:04:46', 3),
(1, 5, 1, '2020-10-27 11:04:46', '2020-10-27 11:04:46', 3),
(1, 6, 1, '2020-10-27 11:04:46', '2020-10-27 11:04:46', 3),
(1, 7, 1, '2020-10-27 11:04:46', '2020-10-27 11:04:46', 3),
(2, 1, 1, '2020-10-27 11:04:46', '2020-10-27 11:04:46', 3),
(2, 2, 4, '2020-10-27 11:04:47', '2020-10-27 11:04:48', 3),
(2, 3, 3, '2020-10-27 11:04:47', '2020-10-27 11:04:48', 3),
(2, 5, 1, '2020-10-27 11:04:47', '2020-10-27 11:04:47', 3),
(2, 6, 3, '2020-10-27 11:04:47', '2020-10-27 11:04:48', 3),
(2, 7, 1, '2020-10-27 11:04:47', '2020-10-27 11:04:47', 3),
(3, 2, 1, '2020-10-27 11:04:49', '2020-10-27 11:04:49', 3),
(3, 3, 2, '2020-10-27 11:04:48', '2020-10-27 11:04:49', 3),
(3, 4, 1, '2020-10-27 11:04:48', '2020-10-27 11:04:48', 3),
(3, 5, 1, '2020-10-27 11:04:48', '2020-10-27 11:04:48', 3),
(3, 6, 2, '2020-10-27 11:04:48', '2020-10-27 11:04:49', 3),
(4, 1, 1, '2020-10-27 11:04:49', '2020-10-27 11:04:49', 3),
(4, 2, 2, '2020-10-27 11:04:49', '2020-10-27 11:04:50', 3),
(4, 3, 1, '2020-10-27 11:04:50', '2020-10-27 11:04:50', 3),
(4, 5, 1, '2020-10-27 11:04:49', '2020-10-27 11:04:49', 3),
(4, 6, 1, '2020-10-27 11:04:50', '2020-10-27 11:04:50', 3),
(4, 7, 1, '2020-10-27 11:04:49', '2020-10-27 11:04:49', 3),
(5, 2, 1, '2020-10-27 11:04:51', '2020-10-27 11:04:51', 3),
(5, 3, 1, '2020-10-27 11:04:51', '2020-10-27 11:04:51', 3),
(5, 4, 2, '2020-10-27 11:04:50', '2020-10-27 11:04:50', 3),
(5, 5, 2, '2020-10-27 11:04:50', '2020-10-27 11:04:50', 3),
(5, 6, 1, '2020-10-27 11:04:51', '2020-10-27 11:04:51', 3),
(5, 7, 2, '2020-10-27 11:04:50', '2020-10-27 11:04:50', 3),
(6, 2, 1, '2020-10-27 11:04:52', '2020-10-27 11:04:52', 3),
(6, 3, 2, '2020-10-27 11:04:51', '2020-10-27 11:04:52', 3),
(6, 4, 1, '2020-10-27 11:04:51', '2020-10-27 11:04:51', 3),
(6, 5, 1, '2020-10-27 11:04:51', '2020-10-27 11:04:51', 3),
(6, 6, 2, '2020-10-27 11:04:51', '2020-10-27 11:04:52', 3),
(7, 4, 3, '2020-10-27 11:04:52', '2020-10-27 11:28:41', 3),
(7, 5, 3, '2020-10-27 11:04:52', '2020-10-27 11:28:41', 3),
(7, 7, 3, '2020-10-27 11:04:52', '2020-10-27 11:28:41', 3),
(8, 1, 2, '2020-10-27 11:04:52', '2020-10-27 11:04:55', 3),
(8, 2, 5, '2020-10-27 11:04:52', '2020-10-27 11:04:55', 3),
(8, 3, 5, '2020-10-27 11:04:54', '2020-10-27 11:04:55', 3),
(8, 4, 1, '2020-10-27 11:04:53', '2020-10-27 11:04:53', 3),
(8, 5, 3, '2020-10-27 11:04:53', '2020-10-27 11:04:55', 3),
(8, 6, 3, '2020-10-27 11:04:54', '2020-10-27 11:04:55', 3),
(8, 7, 4, '2020-10-27 11:04:53', '2020-10-27 11:04:56', 3),
(9, 3, 2, '2020-10-27 11:04:57', '2020-10-27 11:04:58', 3),
(9, 4, 3, '2020-10-27 11:04:56', '2020-10-27 11:04:57', 3),
(9, 5, 3, '2020-10-27 11:04:56', '2020-10-27 11:04:57', 3),
(9, 6, 1, '2020-10-27 11:04:57', '2020-10-27 11:04:57', 3),
(9, 7, 3, '2020-10-27 11:04:57', '2020-10-27 11:04:58', 3),
(10, 2, 1, '2020-10-27 11:04:58', '2020-10-27 11:04:58', 3),
(10, 3, 1, '2020-10-27 11:04:58', '2020-10-27 11:04:58', 3),
(10, 4, 1, '2020-10-27 11:04:58', '2020-10-27 11:04:58', 3),
(10, 5, 1, '2020-10-27 11:04:58', '2020-10-27 11:04:58', 3),
(10, 6, 1, '2020-10-27 11:04:58', '2020-10-27 11:04:58', 3),
(10, 7, 1, '2020-10-27 11:04:58', '2020-10-27 11:04:58', 3),
(11, 1, 1, '2020-10-27 11:04:59', '2020-10-27 11:04:59', 3),
(11, 2, 3, '2020-10-27 11:04:59', '2020-10-27 11:05:01', 3),
(11, 3, 9, '2020-10-27 11:04:59', '2020-10-27 11:05:02', 3),
(11, 4, 4, '2020-10-27 11:04:59', '2020-10-27 11:05:02', 3),
(11, 5, 5, '2020-10-27 11:04:59', '2020-10-27 11:05:02', 3),
(11, 6, 6, '2020-10-27 11:05:00', '2020-10-27 11:05:02', 3),
(11, 7, 4, '2020-10-27 11:04:59', '2020-10-27 11:05:01', 3),
(12, 1, 1, '2020-10-27 11:05:03', '2020-10-27 11:05:03', 3),
(12, 2, 1, '2020-10-27 11:05:03', '2020-10-27 11:05:03', 3),
(12, 3, 1, '2020-10-27 11:05:03', '2020-10-27 11:05:03', 3),
(12, 4, 1, '2020-10-27 11:05:03', '2020-10-27 11:05:03', 3),
(12, 5, 2, '2020-10-27 11:05:03', '2020-10-27 11:05:03', 3),
(12, 6, 1, '2020-10-27 11:05:03', '2020-10-27 11:05:03', 3),
(12, 7, 1, '2020-10-27 11:05:03', '2020-10-27 11:05:03', 3),
(13, 2, 1, '2020-10-27 11:05:05', '2020-10-27 11:05:05', 3),
(13, 3, 3, '2020-10-27 11:05:03', '2020-10-27 11:05:05', 3),
(13, 4, 4, '2020-10-27 11:05:04', '2020-10-27 11:05:05', 3),
(13, 5, 4, '2020-10-27 11:05:04', '2020-10-27 11:05:05', 3),
(13, 6, 3, '2020-10-27 11:05:04', '2020-10-27 11:05:05', 3),
(13, 7, 2, '2020-10-27 11:05:05', '2020-10-27 11:05:05', 3),
(14, 2, 1, '2020-10-27 11:05:06', '2020-10-27 11:05:06', 3),
(14, 3, 1, '2020-10-27 11:05:06', '2020-10-27 11:05:06', 3),
(14, 4, 1, '2020-10-27 11:05:06', '2020-10-27 11:05:06', 3),
(14, 5, 1, '2020-10-27 11:05:06', '2020-10-27 11:05:06', 3),
(14, 6, 1, '2020-10-27 11:05:06', '2020-10-27 11:05:06', 3),
(14, 7, 1, '2020-10-27 11:05:06', '2020-10-27 11:05:06', 3),
(15, 2, 1, '2020-10-27 11:05:07', '2020-10-27 11:05:07', 3),
(15, 3, 1, '2020-10-27 11:05:07', '2020-10-27 11:05:07', 3),
(15, 4, 1, '2020-10-27 11:05:06', '2020-10-27 11:05:06', 3),
(15, 5, 1, '2020-10-27 11:05:07', '2020-10-27 11:05:07', 3),
(15, 6, 1, '2020-10-27 11:05:07', '2020-10-27 11:05:07', 3),
(15, 7, 1, '2020-10-27 11:05:07', '2020-10-27 11:05:07', 3),
(16, 1, 2, '2020-10-27 11:05:08', '2020-10-27 11:05:10', 3),
(16, 2, 3, '2020-10-27 11:05:08', '2020-10-27 11:05:10', 3),
(16, 3, 8, '2020-10-27 11:05:07', '2020-10-27 11:05:11', 3),
(16, 4, 5, '2020-10-27 11:05:07', '2020-10-27 11:05:10', 3),
(16, 5, 5, '2020-10-27 11:05:07', '2020-10-27 11:05:10', 3),
(16, 6, 8, '2020-10-27 11:05:07', '2020-10-27 11:05:11', 3),
(17, 3, 1, '2020-10-27 11:05:11', '2020-10-27 11:05:11', 3),
(17, 4, 1, '2020-10-27 11:05:11', '2020-10-27 11:05:11', 3),
(17, 5, 1, '2020-10-27 11:05:11', '2020-10-27 11:05:11', 3),
(17, 6, 1, '2020-10-27 11:05:11', '2020-10-27 11:05:11', 3),
(18, 4, 1, '2020-10-27 11:05:11', '2020-10-27 11:05:11', 3),
(18, 5, 1, '2020-10-27 11:05:11', '2020-10-27 11:05:11', 3),
(18, 7, 1, '2020-10-27 11:05:12', '2020-10-27 11:05:12', 3),
(19, 3, 1, '2020-10-27 11:05:12', '2020-10-27 11:05:12', 3),
(19, 4, 2, '2020-10-27 11:05:12', '2020-10-27 11:05:12', 3),
(19, 5, 2, '2020-10-27 11:05:12', '2020-10-27 11:05:12', 3),
(19, 6, 1, '2020-10-27 11:05:12', '2020-10-27 11:05:12', 3),
(19, 7, 1, '2020-10-27 11:05:12', '2020-10-27 11:05:12', 3),
(20, 2, 1, '2020-10-27 11:05:13', '2020-10-27 11:05:13', 3),
(20, 3, 2, '2020-10-27 11:05:13', '2020-10-27 11:05:14', 3),
(20, 4, 2, '2020-10-27 11:05:13', '2020-10-27 11:05:13', 3),
(20, 5, 2, '2020-10-27 11:05:13', '2020-10-27 11:05:13', 3),
(20, 6, 2, '2020-10-27 11:05:13', '2020-10-27 11:05:14', 3),
(20, 7, 1, '2020-10-27 11:05:13', '2020-10-27 11:05:13', 3),
(21, 2, 1, '2020-10-27 11:05:15', '2020-10-27 11:05:15', 3),
(21, 3, 4, '2020-10-27 11:05:14', '2020-10-27 11:05:16', 3),
(21, 4, 4, '2020-10-27 11:05:14', '2020-10-27 11:05:16', 3),
(21, 5, 4, '2020-10-27 11:05:14', '2020-10-27 11:05:16', 3),
(21, 6, 4, '2020-10-27 11:05:14', '2020-10-27 11:05:16', 3),
(21, 7, 1, '2020-10-27 11:05:15', '2020-10-27 11:05:15', 3),
(22, 3, 1, '2020-10-27 11:05:16', '2020-10-27 11:05:16', 3),
(22, 4, 3, '2020-10-27 11:05:16', '2020-10-27 11:05:17', 3),
(22, 5, 3, '2020-10-27 11:05:16', '2020-10-27 11:05:17', 3),
(22, 6, 2, '2020-10-27 11:05:16', '2020-10-27 11:05:17', 3),
(22, 7, 1, '2020-10-27 11:05:17', '2020-10-27 11:05:17', 3),
(23, 2, 1, '2020-10-27 11:05:19', '2020-10-27 11:05:19', 3),
(23, 3, 4, '2020-10-27 11:05:17', '2020-10-27 11:05:19', 3),
(23, 4, 2, '2020-10-27 11:05:18', '2020-10-27 11:05:18', 3),
(23, 5, 2, '2020-10-27 11:05:18', '2020-10-27 11:05:18', 3),
(23, 6, 3, '2020-10-27 11:05:18', '2020-10-27 11:05:19', 3),
(23, 7, 1, '2020-10-27 11:05:17', '2020-10-27 11:05:17', 3),
(24, 3, 1, '2020-10-27 11:05:19', '2020-10-27 11:05:19', 3),
(24, 4, 2, '2020-10-27 11:05:19', '2020-10-27 11:05:19', 3),
(24, 5, 2, '2020-10-27 11:05:19', '2020-10-27 11:05:19', 3),
(24, 6, 1, '2020-10-27 11:05:19', '2020-10-27 11:05:19', 3),
(24, 7, 1, '2020-10-27 11:05:20', '2020-10-27 11:05:20', 3),
(25, 1, 1, '2020-10-27 11:05:20', '2020-10-27 11:05:20', 3),
(25, 2, 2, '2020-10-27 11:05:20', '2020-10-27 11:05:21', 3),
(25, 3, 1, '2020-10-27 11:05:21', '2020-10-27 11:05:21', 3),
(25, 4, 2, '2020-10-27 11:05:20', '2020-10-27 11:05:21', 3),
(25, 5, 3, '2020-10-27 11:05:20', '2020-10-27 11:05:21', 3),
(25, 6, 1, '2020-10-27 11:05:21', '2020-10-27 11:05:21', 3),
(25, 7, 3, '2020-10-27 11:05:20', '2020-10-27 11:05:21', 3),
(26, 4, 3, '2020-10-27 11:05:21', '2020-10-27 11:05:22', 3),
(26, 5, 3, '2020-10-27 11:05:21', '2020-10-27 11:05:22', 3),
(26, 7, 3, '2020-10-27 11:05:22', '2020-10-27 11:05:22', 3),
(27, 4, 2, '2020-10-27 11:05:22', '2020-10-27 11:05:23', 3),
(27, 5, 2, '2020-10-27 11:05:23', '2020-10-27 11:05:23', 3),
(27, 7, 2, '2020-10-27 11:05:23', '2020-10-27 11:05:23', 3),
(28, 2, 2, '2020-10-27 11:05:24', '2020-10-27 11:05:25', 3),
(28, 3, 4, '2020-10-27 11:05:23', '2020-10-27 11:05:25', 3),
(28, 4, 2, '2020-10-27 11:05:23', '2020-10-27 11:05:24', 3),
(28, 5, 2, '2020-10-27 11:05:23', '2020-10-27 11:05:24', 3),
(28, 6, 4, '2020-10-27 11:05:24', '2020-10-27 11:05:25', 3),
(29, 1, 1, '2020-10-27 11:05:25', '2020-10-27 11:05:25', 3),
(29, 2, 2, '2020-10-27 11:05:25', '2020-10-27 11:05:26', 3),
(29, 3, 2, '2020-10-27 11:05:26', '2020-10-27 11:05:26', 3),
(29, 4, 1, '2020-10-27 11:05:26', '2020-10-27 11:05:26', 3),
(29, 5, 2, '2020-10-27 11:05:25', '2020-10-27 11:05:26', 3),
(29, 6, 2, '2020-10-27 11:05:26', '2020-10-27 11:05:26', 3),
(29, 7, 1, '2020-10-27 11:05:25', '2020-10-27 11:05:25', 3),
(30, 2, 1, '2020-10-27 11:05:27', '2020-10-27 11:05:27', 3),
(30, 3, 2, '2020-10-27 11:05:26', '2020-10-27 11:05:27', 3),
(30, 4, 1, '2020-10-27 11:05:27', '2020-10-27 11:05:27', 3),
(30, 5, 1, '2020-10-27 11:05:27', '2020-10-27 11:05:27', 3),
(30, 6, 2, '2020-10-27 11:05:27', '2020-10-27 11:05:27', 3),
(31, 3, 2, '2020-10-27 11:05:27', '2020-10-27 11:05:28', 3),
(31, 4, 2, '2020-10-27 11:05:27', '2020-10-27 11:05:28', 3),
(31, 5, 2, '2020-10-27 11:05:27', '2020-10-27 11:05:28', 3),
(31, 6, 2, '2020-10-27 11:05:28', '2020-10-27 11:05:28', 3),
(32, 3, 2, '2020-10-27 11:05:28', '2020-10-27 11:05:29', 3),
(32, 4, 1, '2020-10-27 11:05:28', '2020-10-27 11:05:28', 3),
(32, 5, 1, '2020-10-27 11:05:28', '2020-10-27 11:05:28', 3),
(32, 6, 1, '2020-10-27 11:05:28', '2020-10-27 11:05:28', 3),
(32, 7, 1, '2020-10-27 11:05:29', '2020-10-27 11:05:29', 3),
(33, 1, 1, '2020-10-27 11:05:30', '2020-10-27 11:05:30', 3),
(33, 2, 1, '2020-10-27 11:05:30', '2020-10-27 11:05:30', 3),
(33, 3, 5, '2020-10-27 11:05:29', '2020-10-27 11:05:31', 3),
(33, 4, 4, '2020-10-27 11:05:29', '2020-10-27 11:05:31', 3),
(33, 5, 5, '2020-10-27 11:05:29', '2020-10-27 11:05:31', 3),
(33, 6, 5, '2020-10-27 11:05:29', '2020-10-27 11:05:31', 3),
(34, 1, 1, '2020-10-27 11:05:33', '2020-10-27 11:05:33', 3),
(34, 2, 2, '2020-10-27 11:05:33', '2020-10-27 11:05:34', 3),
(34, 3, 6, '2020-10-27 11:05:31', '2020-10-27 11:05:34', 3),
(34, 4, 5, '2020-10-27 11:05:32', '2020-10-27 11:05:34', 3),
(34, 5, 5, '2020-10-27 11:05:32', '2020-10-27 11:05:34', 3),
(34, 6, 7, '2020-10-27 11:05:32', '2020-10-27 11:05:34', 3),
(35, 1, 1, '2020-10-27 11:05:34', '2020-10-27 11:05:34', 3),
(35, 2, 3, '2020-10-27 11:05:35', '2020-10-27 11:05:35', 3),
(35, 3, 3, '2020-10-27 11:05:35', '2020-10-27 11:05:36', 3),
(35, 5, 1, '2020-10-27 11:05:35', '2020-10-27 11:05:35', 3),
(35, 6, 3, '2020-10-27 11:05:35', '2020-10-27 11:05:36', 3),
(36, 1, 1, '2020-10-27 11:05:36', '2020-10-27 11:05:36', 3),
(36, 2, 1, '2020-10-27 11:05:36', '2020-10-27 11:05:36', 3),
(36, 3, 1, '2020-10-27 11:05:37', '2020-10-27 11:05:37', 3),
(36, 4, 1, '2020-10-27 11:05:36', '2020-10-27 11:05:36', 3),
(36, 5, 1, '2020-10-27 11:05:36', '2020-10-27 11:05:36', 3),
(36, 7, 1, '2020-10-27 11:05:36', '2020-10-27 11:05:36', 3),
(37, 1, 1, '2020-10-27 11:05:39', '2020-10-27 11:05:39', 3),
(37, 2, 6, '2020-10-27 11:05:37', '2020-10-27 11:05:41', 3),
(37, 3, 7, '2020-10-27 11:05:37', '2020-10-27 11:05:41', 3),
(37, 4, 3, '2020-10-27 11:05:37', '2020-10-27 11:05:39', 3),
(37, 5, 4, '2020-10-27 11:05:37', '2020-10-27 11:05:39', 3),
(37, 6, 6, '2020-10-27 11:05:38', '2020-10-27 11:05:41', 3),
(37, 7, 4, '2020-10-27 11:05:37', '2020-10-27 11:05:40', 3),
(39, 1, 1, '2020-10-27 11:05:42', '2020-10-27 11:05:42', 3),
(39, 2, 1, '2020-10-27 11:05:42', '2020-10-27 11:05:42', 3),
(39, 4, 1, '2020-10-27 11:05:41', '2020-10-27 11:05:41', 3),
(39, 5, 2, '2020-10-27 11:05:41', '2020-10-27 11:05:42', 3),
(39, 7, 2, '2020-10-27 11:05:41', '2020-10-27 11:05:42', 3),
(40, 1, 2, '2020-10-27 11:05:43', '2020-10-27 11:05:43', 3),
(40, 2, 2, '2020-10-27 11:05:43', '2020-10-27 11:05:43', 3),
(40, 3, 1, '2020-10-27 11:05:43', '2020-10-27 11:05:43', 3),
(40, 4, 1, '2020-10-27 11:05:42', '2020-10-27 11:05:42', 3),
(40, 5, 3, '2020-10-27 11:05:42', '2020-10-27 11:05:43', 3),
(40, 6, 1, '2020-10-27 11:05:44', '2020-10-27 11:05:44', 3),
(40, 7, 2, '2020-10-27 11:05:42', '2020-10-27 11:05:43', 3),
(41, 4, 4, '2020-10-27 11:05:44', '2020-10-27 11:05:45', 3),
(41, 5, 4, '2020-10-27 11:05:44', '2020-10-27 11:05:45', 3),
(41, 7, 4, '2020-10-27 11:05:44', '2020-10-27 11:05:45', 3),
(42, 1, 5, '2020-10-27 11:05:45', '2020-10-27 11:05:49', 3),
(42, 2, 7, '2020-10-27 11:05:45', '2020-10-27 11:05:49', 3),
(42, 3, 6, '2020-10-27 11:05:46', '2020-10-27 11:05:49', 3),
(42, 5, 2, '2020-10-27 11:05:46', '2020-10-27 11:05:49', 3),
(42, 6, 5, '2020-10-27 11:05:46', '2020-10-27 11:05:49', 3),
(42, 7, 3, '2020-10-27 11:05:46', '2020-10-27 11:05:49', 3),
(43, 3, 1, '2020-10-27 11:05:50', '2020-10-27 11:05:50', 3),
(43, 4, 1, '2020-10-27 11:05:50', '2020-10-27 11:05:50', 3),
(43, 5, 1, '2020-10-27 11:05:50', '2020-10-27 11:05:50', 3),
(43, 7, 2, '2020-10-27 11:05:50', '2020-10-27 11:05:50', 3),
(44, 4, 2, '2020-10-27 11:05:50', '2020-10-27 11:05:51', 3),
(44, 5, 2, '2020-10-27 11:05:50', '2020-10-27 11:05:51', 3),
(44, 7, 2, '2020-10-27 11:05:51', '2020-10-27 11:05:51', 3);

--
-- Indexes for dumped tables
--

--
-- Indexes for table `Activity`
--
ALTER TABLE `Activity`
  ADD PRIMARY KEY (`Activity_ID`),
  ADD UNIQUE KEY `Activity_Name` (`Activity_Name`),
  ADD KEY `Admin_ID` (`Admin_ID`),
  ADD KEY `Activity_ibfk_1` (`Categories_ID`);

--
-- Indexes for table `Admin_Information`
--
ALTER TABLE `Admin_Information`
  ADD PRIMARY KEY (`Admin_ID`),
  ADD UNIQUE KEY `E_mail` (`E_mail`),
  ADD UNIQUE KEY `Admin_User_Name` (`Admin_User_Name`),
  ADD KEY `Role_ID` (`Role_ID`);

--
-- Indexes for table `Categories`
--
ALTER TABLE `Categories`
  ADD PRIMARY KEY (`Categories_ID`),
  ADD UNIQUE KEY `Activity_Name` (`Categories_Name`),
  ADD KEY `Admin_ID` (`Admin_ID`);

--
-- Indexes for table `Categories_Alternative_Name`
--
ALTER TABLE `Categories_Alternative_Name`
  ADD PRIMARY KEY (`Categories_ID`,`Activity_Alternative_Name`),
  ADD KEY `Admin_ID` (`Admin_ID`);

--
-- Indexes for table `Categories_Skills`
--
ALTER TABLE `Categories_Skills`
  ADD PRIMARY KEY (`Categories_ID`,`Skill_ID`),
  ADD KEY `Skill_ID` (`Skill_ID`),
  ADD KEY `Admin_ID` (`Admin_ID`);

--
-- Indexes for table `Categories_Style`
--
ALTER TABLE `Categories_Style`
  ADD PRIMARY KEY (`Categories_ID`,`Learning_Style_ID`),
  ADD KEY `Learning_Style_ID` (`Learning_Style_ID`),
  ADD KEY `Admin_ID` (`Admin_ID`);

--
-- Indexes for table `Comment`
--
ALTER TABLE `Comment`
  ADD PRIMARY KEY (`Comment_ID`),
  ADD KEY `Forum_ID` (`Forum_ID`);

--
-- Indexes for table `Forum`
--
ALTER TABLE `Forum`
  ADD PRIMARY KEY (`Forum_ID`),
  ADD KEY `Activity_ID` (`Activity_ID`);

--
-- Indexes for table `Learning_Style`
--
ALTER TABLE `Learning_Style`
  ADD PRIMARY KEY (`Learning_Style_ID`);

--
-- Indexes for table `MBTI`
--
ALTER TABLE `MBTI`
  ADD PRIMARY KEY (`MBTI_ID`),
  ADD UNIQUE KEY `Type` (`Type`),
  ADD UNIQUE KEY `Type_Name` (`Type_Name`);

--
-- Indexes for table `Mission`
--
ALTER TABLE `Mission`
  ADD PRIMARY KEY (`Mission_ID`),
  ADD UNIQUE KEY `Mission_Name` (`Mission_Name`),
  ADD KEY `Admin_ID` (`Admin_ID`);

--
-- Indexes for table `Mission_Activity_List`
--
ALTER TABLE `Mission_Activity_List`
  ADD PRIMARY KEY (`Mission_ID`,`Activity_ID`),
  ADD KEY `Mission_Activity_List_ibfk_2` (`Activity_ID`);

--
-- Indexes for table `Role`
--
ALTER TABLE `Role`
  ADD PRIMARY KEY (`Role_ID`);

--
-- Indexes for table `Skills`
--
ALTER TABLE `Skills`
  ADD PRIMARY KEY (`Skill_ID`);

--
-- Indexes for table `Status`
--
ALTER TABLE `Status`
  ADD PRIMARY KEY (`Status_ID`),
  ADD KEY `Admin_ID` (`Admin_ID`);

--
-- Indexes for table `Study_Cluster`
--
ALTER TABLE `Study_Cluster`
  ADD PRIMARY KEY (`Study_Cluster_ID`),
  ADD KEY `Admin_ID` (`Admin_ID`);

--
-- Indexes for table `User_Activity_Status_History`
--
ALTER TABLE `User_Activity_Status_History`
  ADD PRIMARY KEY (`History_ID`),
  ADD KEY `User_ID` (`User_ID`),
  ADD KEY `Activity_ID` (`Activity_ID`),
  ADD KEY `Status_ID` (`Status_ID`);

--
-- Indexes for table `User_Activity_Submission`
--
ALTER TABLE `User_Activity_Submission`
  ADD PRIMARY KEY (`Submission_ID`,`User_ID`,`Activity_ID`),
  ADD KEY `User_ID` (`User_ID`),
  ADD KEY `Activity_ID` (`Activity_ID`);

--
-- Indexes for table `User_Activity_Validation`
--
ALTER TABLE `User_Activity_Validation`
  ADD PRIMARY KEY (`Validation_ID`,`Submission_ID`,`User_ID`,`Skill_ID`),
  ADD KEY `Submission_ID` (`Submission_ID`),
  ADD KEY `User_ID` (`User_ID`),
  ADD KEY `Skill_ID` (`Skill_ID`);

--
-- Indexes for table `User_Information`
--
ALTER TABLE `User_Information`
  ADD PRIMARY KEY (`User_ID`),
  ADD UNIQUE KEY `User_Name` (`User_Name`),
  ADD UNIQUE KEY `E-Mail` (`E_Mail`),
  ADD KEY `MBTI_ID` (`MBTI_ID`),
  ADD KEY `Learning_Style_ID` (`Learning_Style_ID`),
  ADD KEY `Study_Cluster_ID` (`Study_Cluster_ID`);

--
-- Indexes for table `User_Interest_Activity_List`
--
ALTER TABLE `User_Interest_Activity_List`
  ADD PRIMARY KEY (`User_ID`,`Activity_ID`),
  ADD KEY `User_Interest_Activity_List_ibfk_2` (`Activity_ID`);

--
-- Indexes for table `User_Study_History`
--
ALTER TABLE `User_Study_History`
  ADD PRIMARY KEY (`User_ID`,`Learning_Style_ID`),
  ADD KEY `Learning_Style_ID` (`Learning_Style_ID`),
  ADD KEY `Admin_ID` (`Admin_ID`);

--
-- AUTO_INCREMENT for dumped tables
--

--
-- AUTO_INCREMENT for table `Activity`
--
ALTER TABLE `Activity`
  MODIFY `Activity_ID` int(11) NOT NULL AUTO_INCREMENT, AUTO_INCREMENT=94;
--
-- AUTO_INCREMENT for table `Admin_Information`
--
ALTER TABLE `Admin_Information`
  MODIFY `Admin_ID` int(11) NOT NULL AUTO_INCREMENT, AUTO_INCREMENT=4;
--
-- AUTO_INCREMENT for table `Categories`
--
ALTER TABLE `Categories`
  MODIFY `Categories_ID` int(11) NOT NULL AUTO_INCREMENT, AUTO_INCREMENT=18;
--
-- AUTO_INCREMENT for table `Comment`
--
ALTER TABLE `Comment`
  MODIFY `Comment_ID` int(11) NOT NULL AUTO_INCREMENT, AUTO_INCREMENT=13;
--
-- AUTO_INCREMENT for table `Forum`
--
ALTER TABLE `Forum`
  MODIFY `Forum_ID` int(11) NOT NULL AUTO_INCREMENT, AUTO_INCREMENT=3;
--
-- AUTO_INCREMENT for table `Learning_Style`
--
ALTER TABLE `Learning_Style`
  MODIFY `Learning_Style_ID` int(11) NOT NULL AUTO_INCREMENT, AUTO_INCREMENT=9;
--
-- AUTO_INCREMENT for table `MBTI`
--
ALTER TABLE `MBTI`
  MODIFY `MBTI_ID` int(11) NOT NULL AUTO_INCREMENT, AUTO_INCREMENT=18;
--
-- AUTO_INCREMENT for table `Mission`
--
ALTER TABLE `Mission`
  MODIFY `Mission_ID` int(11) NOT NULL AUTO_INCREMENT;
--
-- AUTO_INCREMENT for table `Role`
--
ALTER TABLE `Role`
  MODIFY `Role_ID` int(11) NOT NULL AUTO_INCREMENT, AUTO_INCREMENT=2;
--
-- AUTO_INCREMENT for table `Skills`
--
ALTER TABLE `Skills`
  MODIFY `Skill_ID` int(11) NOT NULL AUTO_INCREMENT, AUTO_INCREMENT=9;
--
-- AUTO_INCREMENT for table `User_Activity_Status_History`
--
ALTER TABLE `User_Activity_Status_History`
  MODIFY `History_ID` int(11) NOT NULL AUTO_INCREMENT, AUTO_INCREMENT=2570;
--
-- AUTO_INCREMENT for table `User_Activity_Submission`
--
ALTER TABLE `User_Activity_Submission`
  MODIFY `Submission_ID` int(11) NOT NULL AUTO_INCREMENT;
--
-- AUTO_INCREMENT for table `User_Activity_Validation`
--
ALTER TABLE `User_Activity_Validation`
  MODIFY `Validation_ID` int(11) NOT NULL AUTO_INCREMENT;
--
-- AUTO_INCREMENT for table `User_Information`
--
ALTER TABLE `User_Information`
  MODIFY `User_ID` int(11) NOT NULL AUTO_INCREMENT, AUTO_INCREMENT=49;
--
-- Constraints for dumped tables
--

--
-- Constraints for table `Activity`
--
ALTER TABLE `Activity`
  ADD CONSTRAINT `Activity_ibfk_1` FOREIGN KEY (`Categories_ID`) REFERENCES `Categories` (`Categories_ID`),
  ADD CONSTRAINT `Activity_ibfk_2` FOREIGN KEY (`Admin_ID`) REFERENCES `Admin_Information` (`Admin_ID`);

--
-- Constraints for table `Admin_Information`
--
ALTER TABLE `Admin_Information`
  ADD CONSTRAINT `Admin_Information_ibfk_1` FOREIGN KEY (`Role_ID`) REFERENCES `Role` (`Role_ID`);

--
-- Constraints for table `Categories`
--
ALTER TABLE `Categories`
  ADD CONSTRAINT `Categories_ibfk_1` FOREIGN KEY (`Admin_ID`) REFERENCES `Admin_Information` (`Admin_ID`);

--
-- Constraints for table `Categories_Alternative_Name`
--
ALTER TABLE `Categories_Alternative_Name`
  ADD CONSTRAINT `Categories_Alternative_Name_ibfk_1` FOREIGN KEY (`Categories_ID`) REFERENCES `Categories` (`Categories_ID`),
  ADD CONSTRAINT `Categories_Alternative_Name_ibfk_2` FOREIGN KEY (`Admin_ID`) REFERENCES `Admin_Information` (`Admin_ID`);

--
-- Constraints for table `Categories_Skills`
--
ALTER TABLE `Categories_Skills`
  ADD CONSTRAINT `Categories_Skills_ibfk_1` FOREIGN KEY (`Categories_ID`) REFERENCES `Categories` (`Categories_ID`),
  ADD CONSTRAINT `Categories_Skills_ibfk_2` FOREIGN KEY (`Skill_ID`) REFERENCES `Skills` (`Skill_ID`),
  ADD CONSTRAINT `Categories_Skills_ibfk_3` FOREIGN KEY (`Admin_ID`) REFERENCES `Admin_Information` (`Admin_ID`);

--
-- Constraints for table `Categories_Style`
--
ALTER TABLE `Categories_Style`
  ADD CONSTRAINT `Categories_Style_ibfk_1` FOREIGN KEY (`Categories_ID`) REFERENCES `Categories` (`Categories_ID`),
  ADD CONSTRAINT `Categories_Style_ibfk_2` FOREIGN KEY (`Learning_Style_ID`) REFERENCES `Learning_Style` (`Learning_Style_ID`),
  ADD CONSTRAINT `Categories_Style_ibfk_3` FOREIGN KEY (`Admin_ID`) REFERENCES `Admin_Information` (`Admin_ID`);

--
-- Constraints for table `Comment`
--
ALTER TABLE `Comment`
  ADD CONSTRAINT `Comment_ibfk_1` FOREIGN KEY (`Forum_ID`) REFERENCES `Forum` (`Forum_ID`);

--
-- Constraints for table `Forum`
--
ALTER TABLE `Forum`
  ADD CONSTRAINT `Forum_ibfk_1` FOREIGN KEY (`Activity_ID`) REFERENCES `Activity` (`Activity_ID`);

--
-- Constraints for table `Mission`
--
ALTER TABLE `Mission`
  ADD CONSTRAINT `Mission_ibfk_1` FOREIGN KEY (`Admin_ID`) REFERENCES `Admin_Information` (`Admin_ID`);

--
-- Constraints for table `Mission_Activity_List`
--
ALTER TABLE `Mission_Activity_List`
  ADD CONSTRAINT `Mission_Activity_List_ibfk_1` FOREIGN KEY (`Mission_ID`) REFERENCES `Mission` (`Mission_ID`),
  ADD CONSTRAINT `Mission_Activity_List_ibfk_2` FOREIGN KEY (`Activity_ID`) REFERENCES `Activity` (`Activity_ID`);

--
-- Constraints for table `Status`
--
ALTER TABLE `Status`
  ADD CONSTRAINT `Status_ibfk_1` FOREIGN KEY (`Admin_ID`) REFERENCES `Admin_Information` (`Admin_ID`);

--
-- Constraints for table `Study_Cluster`
--
ALTER TABLE `Study_Cluster`
  ADD CONSTRAINT `Study_Cluster_ibfk_1` FOREIGN KEY (`Admin_ID`) REFERENCES `Admin_Information` (`Admin_ID`);

--
-- Constraints for table `User_Activity_Status_History`
--
ALTER TABLE `User_Activity_Status_History`
  ADD CONSTRAINT `User_Activity_Status_History_ibfk_1` FOREIGN KEY (`User_ID`) REFERENCES `User_Information` (`User_ID`),
  ADD CONSTRAINT `User_Activity_Status_History_ibfk_2` FOREIGN KEY (`Activity_ID`) REFERENCES `Activity` (`Activity_ID`),
  ADD CONSTRAINT `User_Activity_Status_History_ibfk_3` FOREIGN KEY (`Status_ID`) REFERENCES `Status` (`Status_ID`);

--
-- Constraints for table `User_Activity_Submission`
--
ALTER TABLE `User_Activity_Submission`
  ADD CONSTRAINT `User_Activity_Submission_ibfk_1` FOREIGN KEY (`User_ID`) REFERENCES `User_Information` (`User_ID`),
  ADD CONSTRAINT `User_Activity_Submission_ibfk_2` FOREIGN KEY (`Activity_ID`) REFERENCES `Categories` (`Categories_ID`);

--
-- Constraints for table `User_Activity_Validation`
--
ALTER TABLE `User_Activity_Validation`
  ADD CONSTRAINT `User_Activity_Validation_ibfk_1` FOREIGN KEY (`Submission_ID`) REFERENCES `User_Activity_Submission` (`Submission_ID`),
  ADD CONSTRAINT `User_Activity_Validation_ibfk_2` FOREIGN KEY (`User_ID`) REFERENCES `User_Information` (`User_ID`),
  ADD CONSTRAINT `User_Activity_Validation_ibfk_3` FOREIGN KEY (`Skill_ID`) REFERENCES `Skills` (`Skill_ID`);

--
-- Constraints for table `User_Information`
--
ALTER TABLE `User_Information`
  ADD CONSTRAINT `User_Information_ibfk_2` FOREIGN KEY (`MBTI_ID`) REFERENCES `MBTI` (`MBTI_ID`),
  ADD CONSTRAINT `User_Information_ibfk_3` FOREIGN KEY (`Learning_Style_ID`) REFERENCES `Learning_Style` (`Learning_Style_ID`),
  ADD CONSTRAINT `User_Information_ibfk_4` FOREIGN KEY (`Study_Cluster_ID`) REFERENCES `Study_Cluster` (`Study_Cluster_ID`);

--
-- Constraints for table `User_Interest_Activity_List`
--
ALTER TABLE `User_Interest_Activity_List`
  ADD CONSTRAINT `User_Interest_Activity_List_ibfk_1` FOREIGN KEY (`User_ID`) REFERENCES `User_Information` (`User_ID`),
  ADD CONSTRAINT `User_Interest_Activity_List_ibfk_2` FOREIGN KEY (`Activity_ID`) REFERENCES `Activity` (`Activity_ID`);

--
-- Constraints for table `User_Study_History`
--
ALTER TABLE `User_Study_History`
  ADD CONSTRAINT `User_Study_History_ibfk_1` FOREIGN KEY (`User_ID`) REFERENCES `User_Information` (`User_ID`),
  ADD CONSTRAINT `User_Study_History_ibfk_2` FOREIGN KEY (`Learning_Style_ID`) REFERENCES `Learning_Style` (`Learning_Style_ID`),
  ADD CONSTRAINT `User_Study_History_ibfk_3` FOREIGN KEY (`Admin_ID`) REFERENCES `Admin_Information` (`Admin_ID`);

/*!40101 SET CHARACTER_SET_CLIENT=@OLD_CHARACTER_SET_CLIENT */;
/*!40101 SET CHARACTER_SET_RESULTS=@OLD_CHARACTER_SET_RESULTS */;
/*!40101 SET COLLATION_CONNECTION=@OLD_COLLATION_CONNECTION */;
